TimeGenerated,ID,Date,Time,Description,IP,HostName,MAC,User,TransactionID,QResult,VendorClass,Type
2026-04-28T13:54:07Z,11,04/28/2026,13:54:07,Renew,10.131.105.136,WS-HR-03,F1-1C-28-E4-CB-69,,05F38,0,MSFT 5.0,DHCP
2026-04-28T13:55:21Z,12,04/28/2026,13:55:21,Release,10.128.41.156,WS-FINANCE-01,4B-61-6D-F7-56-E4,,0C0E2,0,MSFT 5.0,DHCP
2026-04-28T13:58:28Z,12,04/28/2026,13:58:28,Release,10.178.177.5,WS-SUPPORT-01,DC-4B-98-43-12-88,,16818,0,MSFT 5.0,DHCP
2026-04-28T14:01:11Z,16,04/28/2026,14:01:11,NACK,10.4.45.202,LAP-SALES-04,25-56-0C-A2-3F-8E,,0AEAF,0,MSFT 5.0,DHCP
2026-04-28T14:07:09Z,12,04/28/2026,14:07:09,Release,10.253.191.114,SVR-WEB-01,24-0F-3C-41-E6-6E,,14B86,0,MSFT 5.0,DHCP
2026-04-28T14:07:14Z,16,04/28/2026,14:07:14,NACK,172.24.168.215,WS-ENG-02,3D-CC-F8-BC-09-BD,,17F5F,0,MSFT 5.0,DHCP
2026-04-28T14:10:10Z,10,04/28/2026,14:10:10,Assign,10.226.24.22,WS-ENG-01,70-28-BE-0E-11-D9,,07A06,0,MSFT 5.0,DHCP
2026-04-28T14:10:51Z,16,04/28/2026,14:10:51,NACK,172.31.153.19,WS-IT-01,52-F6-4D-5F-56-62,,0B9E1,0,MSFT 5.0,DHCP
2026-04-28T14:11:46Z,11,04/28/2026,14:11:46,Renew,10.105.18.150,WS-MKT-01,EB-1C-2E-5D-C5-44,,05B13,0,MSFT 5.0,DHCP
2026-04-28T14:13:11Z,11,04/28/2026,14:13:11,Renew,10.98.231.65,WS-IT-02,72-D4-4B-45-64-5F,,11E80,0,MSFT 5.0,DHCP
2026-04-28T14:18:29Z,10,04/28/2026,14:18:29,Assign,10.73.141.49,WS-FINANCE-01,F6-56-87-45-5D-E0,,14B76,0,MSFT 5.0,DHCP
2026-04-28T14:23:06Z,11,04/28/2026,14:23:06,Renew,172.21.20.122,WS-OPS-01,AF-4E-55-E1-F5-AF,,13607,0,MSFT 5.0,DHCP
2026-04-28T14:23:47Z,16,04/28/2026,14:23:47,NACK,10.203.172.64,SVR-DC-01,65-86-ED-F0-1B-66,,0671A,0,MSFT 5.0,DHCP
2026-04-28T14:28:38Z,12,04/28/2026,14:28:38,Release,10.148.220.224,WS-DEV-02,B8-DD-AE-9F-7B-C7,,11C1B,0,MSFT 5.0,DHCP
2026-04-28T14:36:16Z,11,04/28/2026,14:36:16,Renew,10.150.183.104,WS-DEV-02,36-4D-3D-0B-F2-AB,,11C6B,0,MSFT 5.0,DHCP
2026-04-28T14:37:25Z,10,04/28/2026,14:37:25,Assign,10.79.217.110,LAP-DEV-06,3D-F3-1F-2D-72-D7,,09F37,0,MSFT 5.0,DHCP
2026-04-28T14:38:48Z,12,04/28/2026,14:38:48,Release,10.132.221.92,WS-MKT-01,50-50-E4-58-0B-EC,,0C814,0,MSFT 5.0,DHCP
2026-04-28T14:42:31Z,11,04/28/2026,14:42:31,Renew,172.24.86.252,LAP-EXEC-01,FF-25-C2-40-20-75,,09C20,0,MSFT 5.0,DHCP
2026-04-28T14:43:48Z,12,04/28/2026,14:43:48,Release,192.168.221.51,SVR-DC-01,38-87-75-92-3E-63,,0BF86,0,MSFT 5.0,DHCP
2026-04-28T14:46:53Z,12,04/28/2026,14:46:53,Release,172.17.52.223,WS-FIN-03,FD-F2-A1-6F-95-6B,,097B9,0,MSFT 5.0,DHCP
2026-04-28T14:52:03Z,10,04/29/2026,08:15:23,Assign,10.0.20.10,SVR-WEB-01,00-11-22-33-44-37,,30B09,0,MSFT 5.0,DHCP
2026-04-28T14:53:41Z,16,04/28/2026,14:53:41,NACK,172.24.163.93,WS-OPS-01,72-0D-BD-49-F3-D5,,05B5D,0,MSFT 5.0,DHCP
2026-04-28T14:57:40Z,11,04/28/2026,14:57:40,Renew,10.31.191.105,WS-ENG-02,79-84-E7-8D-79-4E,,1447F,0,MSFT 5.0,DHCP
2026-04-28T15:00:29Z,11,04/28/2026,15:00:29,Renew,10.241.187.78,WS-OPS-02,B4-B1-A2-09-9E-37,,0C83B,0,MSFT 5.0,DHCP
2026-04-28T15:01:05Z,16,04/28/2026,15:01:05,NACK,10.14.143.130,LAP-DEV-06,1A-C2-14-CC-EF-5B,,0B678,0,MSFT 5.0,DHCP
2026-04-28T15:09:30Z,12,04/28/2026,15:09:30,Release,192.168.116.242,LAP-DEV-05,41-62-2C-44-03-A8,,15AC9,0,MSFT 5.0,DHCP
2026-04-28T15:12:04Z,10,04/28/2026,15:12:04,Assign,172.25.22.201,WS-OPS-01,96-01-84-65-87-FC,,0AFE4,0,MSFT 5.0,DHCP
2026-04-28T15:13:56Z,16,04/28/2026,15:13:56,NACK,172.31.248.133,LAP-DEV-05,4D-D7-D9-4F-97-A5,,130CE,0,MSFT 5.0,DHCP
2026-04-28T15:15:36Z,11,04/28/2026,15:15:36,Renew,10.17.59.176,WS-HR-03,E2-38-8A-F7-59-E1,,038B7,0,MSFT 5.0,DHCP
2026-04-28T15:21:54Z,11,04/28/2026,15:21:54,Renew,10.184.136.243,LAP-DEV-05,7C-A4-67-75-D1-47,,07355,0,MSFT 5.0,DHCP
2026-04-28T15:28:00Z,16,04/28/2026,15:28:00,NACK,10.27.223.51,WS-FIN-03,F5-6E-59-AF-BC-86,,14D6B,0,MSFT 5.0,DHCP
2026-04-28T15:35:16Z,10,04/28/2026,15:35:16,Assign,192.168.157.93,WS-MKT-02,CC-51-66-27-64-C7,,123CB,0,MSFT 5.0,DHCP
2026-04-28T15:39:18Z,16,04/28/2026,15:39:18,NACK,10.53.137.97,WS-OPS-01,E1-24-FE-05-22-DF,,0BFD2,0,MSFT 5.0,DHCP
2026-04-28T15:45:19Z,12,04/28/2026,15:45:19,Release,192.168.247.54,WS-IT-01,B2-48-07-22-73-6A,,0BD10,0,MSFT 5.0,DHCP
2026-04-28T15:54:49Z,11,04/28/2026,15:54:49,Renew,10.196.147.89,LAP-SALES-03,92-83-BA-1A-02-9A,,03652,0,MSFT 5.0,DHCP
2026-04-28T15:56:42Z,10,04/28/2026,15:56:42,Assign,10.212.234.209,WS-FIN-02,BF-47-10-02-77-9D,,14EC7,0,MSFT 5.0,DHCP
2026-04-28T15:59:09Z,12,04/28/2026,15:59:09,Release,172.19.161.33,WS-SUPPORT-01,52-CE-95-9D-19-80,,057FF,0,MSFT 5.0,DHCP
2026-04-28T16:00:51Z,10,04/29/2026,08:15:23,Assign,10.0.10.10,WS-FINANCE-01,00-11-22-33-44-B5,,EEA90,0,MSFT 5.0,DHCP
2026-04-28T16:01:25Z,10,04/28/2026,16:01:25,Assign,10.241.79.74,WS-ENG-02,0E-6F-09-AA-81-DA,,0E00B,0,MSFT 5.0,DHCP
2026-04-28T16:08:46Z,16,04/28/2026,16:08:46,NACK,10.150.226.111,WS-ENG-01,A0-2B-7B-4B-DE-61,,0867E,0,MSFT 5.0,DHCP
2026-04-28T16:15:49Z,16,04/28/2026,16:15:49,NACK,192.168.57.161,WS-IT-02,50-51-78-02-8C-38,,0F756,0,MSFT 5.0,DHCP
2026-04-28T16:16:55Z,11,04/28/2026,16:16:55,Renew,192.168.226.2,WS-FIN-02,DC-76-54-B6-C9-FE,,0CFD5,0,MSFT 5.0,DHCP
2026-04-28T16:17:05Z,12,04/28/2026,16:17:05,Release,10.251.144.64,WS-LEGAL-01,C4-4E-FF-32-83-3D,,16962,0,MSFT 5.0,DHCP
2026-04-28T16:22:57Z,16,04/28/2026,16:22:57,NACK,10.76.123.5,WS-IT-01,9A-D6-EB-4A-AB-6A,,11EE4,0,MSFT 5.0,DHCP
2026-04-28T16:23:13Z,11,04/28/2026,16:23:13,Renew,10.54.152.149,WS-ENG-01,CD-5A-7A-97-04-50,,04DBA,0,MSFT 5.0,DHCP
2026-04-28T16:24:07Z,16,04/28/2026,16:24:07,NACK,172.29.230.26,WS-MKT-02,7F-8D-4C-D5-40-9A,,13799,0,MSFT 5.0,DHCP
2026-04-28T16:25:36Z,11,04/28/2026,16:25:36,Renew,10.94.131.58,LAP-DEV-05,43-53-EC-37-27-A3,,068E6,0,MSFT 5.0,DHCP
2026-04-28T16:27:58Z,11,04/28/2026,16:27:58,Renew,172.18.145.244,LAP-EXEC-01,39-1F-5C-12-BC-90,,02D69,0,MSFT 5.0,DHCP
2026-04-28T16:32:04Z,12,04/28/2026,16:32:04,Release,10.34.143.4,WS-ENG-01,85-3A-D3-1D-B2-CE,,0A158,0,MSFT 5.0,DHCP
2026-04-28T16:35:30Z,10,04/28/2026,16:35:30,Assign,10.156.186.94,WS-OPS-01,5C-BF-4C-D1-A0-8E,,0EEED,0,MSFT 5.0,DHCP
2026-04-28T16:42:47Z,10,04/28/2026,16:42:47,Assign,10.91.209.129,LAP-SALES-03,76-7F-97-BF-04-DD,,162BA,0,MSFT 5.0,DHCP
2026-04-28T16:45:10Z,16,04/28/2026,16:45:10,NACK,10.161.205.216,WS-MKT-01,F2-B9-A4-1A-66-E2,,0F463,0,MSFT 5.0,DHCP
2026-04-28T16:47:28Z,12,04/28/2026,16:47:28,Release,10.58.116.60,WS-FIN-03,07-03-F5-99-DE-53,,12FFD,0,MSFT 5.0,DHCP
2026-04-28T16:47:46Z,16,04/28/2026,16:47:46,NACK,10.28.169.222,WS-LEGAL-01,02-D5-6D-BB-F4-FD,,0EBFE,0,MSFT 5.0,DHCP
2026-04-28T16:55:31Z,16,04/28/2026,16:55:31,NACK,172.29.37.169,WS-IT-02,DF-80-1A-BE-7F-FA,,0FEDC,0,MSFT 5.0,DHCP
2026-04-28T16:56:06Z,16,04/28/2026,16:56:06,NACK,10.42.163.30,WS-DEV-02,05-CC-2D-5A-AB-49,,046BE,0,MSFT 5.0,DHCP
2026-04-28T16:59:34Z,16,04/28/2026,16:59:34,NACK,10.114.138.210,WS-DEV-02,3F-5A-20-96-A3-2C,,0B176,0,MSFT 5.0,DHCP
2026-04-28T17:03:45Z,12,04/28/2026,17:03:45,Release,10.166.205.12,WS-FIN-03,B0-D7-10-F5-7B-EE,,10802,0,MSFT 5.0,DHCP
2026-04-28T17:05:28Z,10,04/28/2026,17:05:28,Assign,10.92.129.225,SVR-DC-01,53-0E-A3-3E-5C-BF,,09FA7,0,MSFT 5.0,DHCP
2026-04-28T17:05:37Z,11,04/28/2026,17:05:37,Renew,10.57.129.175,SVR-WEB-01,36-E4-76-F3-35-92,,174AA,0,MSFT 5.0,DHCP
2026-04-28T17:08:46Z,12,04/28/2026,17:08:46,Release,10.58.147.214,WS-RECEPTION-01,0B-50-15-56-20-1D,,0696A,0,MSFT 5.0,DHCP
2026-04-28T17:13:57Z,11,04/28/2026,17:13:57,Renew,10.215.96.176,WS-RECEPTION-01,BE-A2-E2-FC-A0-85,,08778,0,MSFT 5.0,DHCP
2026-04-28T17:14:09Z,16,04/28/2026,17:14:09,NACK,172.26.148.17,WS-IT-01,54-A5-59-31-29-3C,,0F1A6,0,MSFT 5.0,DHCP
2026-04-28T17:14:30Z,16,04/28/2026,17:14:30,NACK,192.168.202.103,WS-RECEPTION-01,BD-8B-01-11-15-8E,,08C06,0,MSFT 5.0,DHCP
2026-04-28T17:21:17Z,16,04/28/2026,17:21:17,NACK,10.146.43.142,WS-OPS-02,DC-0E-A2-67-14-17,,165D7,0,MSFT 5.0,DHCP
2026-04-28T17:22:11Z,10,04/28/2026,17:22:11,Assign,10.141.47.63,LAP-EXEC-01,D3-B0-D6-A2-D3-AF,,0F8C7,0,MSFT 5.0,DHCP
2026-04-28T17:23:17Z,16,04/28/2026,17:23:17,NACK,10.23.4.42,LAP-SALES-03,A9-82-6D-EF-6A-34,,0EF72,0,MSFT 5.0,DHCP
2026-04-28T17:24:10Z,16,04/28/2026,17:24:10,NACK,10.236.160.32,LAP-SALES-04,9E-CB-86-CA-0B-CA,,085F6,0,MSFT 5.0,DHCP
2026-04-28T17:26:54Z,12,04/28/2026,17:26:54,Release,10.36.16.69,WS-RECEPTION-01,59-1B-25-E9-92-B2,,0C2EC,0,MSFT 5.0,DHCP
2026-04-28T17:30:06Z,16,04/28/2026,17:30:06,NACK,10.91.217.76,LAP-DEV-05,F5-66-02-35-5E-6A,,047A6,0,MSFT 5.0,DHCP
2026-04-28T17:30:35Z,12,04/28/2026,17:30:35,Release,172.28.82.102,LAP-DEV-06,F3-AF-B7-69-C7-0A,,0F8C9,0,MSFT 5.0,DHCP
2026-04-28T17:31:22Z,12,04/28/2026,17:31:22,Release,10.70.61.199,WS-LEGAL-01,F7-DC-B2-CC-0D-39,,07D5F,0,MSFT 5.0,DHCP
2026-04-28T17:49:03Z,12,04/28/2026,17:49:03,Release,10.42.111.59,SVR-DC-01,FF-F3-58-FD-19-87,,049C3,0,MSFT 5.0,DHCP
2026-04-28T17:50:46Z,16,04/28/2026,17:50:46,NACK,10.203.36.220,WS-ENG-02,BA-F7-61-D9-79-B7,,0FA78,0,MSFT 5.0,DHCP
2026-04-28T17:51:52Z,10,04/28/2026,17:51:52,Assign,172.17.220.37,LAP-DEV-05,60-C5-07-11-C9-A2,,06090,0,MSFT 5.0,DHCP
2026-04-28T17:51:57Z,10,04/28/2026,17:51:57,Assign,10.5.113.25,LAP-SALES-04,84-2D-78-EE-BC-4B,,1027A,0,MSFT 5.0,DHCP
2026-04-28T17:54:52Z,10,04/28/2026,17:54:52,Assign,172.29.134.16,LAP-DEV-06,87-15-E0-55-0C-D9,,0894C,0,MSFT 5.0,DHCP
2026-04-28T17:56:58Z,11,04/28/2026,17:56:58,Renew,10.30.210.164,SVR-DC-01,F7-57-D5-8B-56-05,,183C9,0,MSFT 5.0,DHCP
2026-04-28T17:57:34Z,16,04/28/2026,17:57:34,NACK,10.50.100.248,WS-HR-03,EC-3C-51-E6-0D-77,,15125,0,MSFT 5.0,DHCP
2026-04-28T17:58:09Z,16,04/28/2026,17:58:09,NACK,172.26.100.196,SVR-DC-01,9A-E7-30-67-9D-12,,137CF,0,MSFT 5.0,DHCP
2026-04-28T18:02:58Z,11,04/28/2026,18:02:58,Renew,10.181.233.162,WS-LEGAL-01,2B-6B-93-BF-B1-48,,07545,0,MSFT 5.0,DHCP
2026-04-28T18:05:34Z,12,04/28/2026,18:05:34,Release,10.167.2.226,WS-FIN-03,14-ED-8E-8E-32-92,,0778C,0,MSFT 5.0,DHCP
2026-04-28T18:10:16Z,11,04/28/2026,18:10:16,Renew,10.236.43.225,WS-MKT-01,1C-AE-EC-81-3D-E4,,16465,0,MSFT 5.0,DHCP
2026-04-28T18:12:29Z,11,04/28/2026,18:12:29,Renew,10.43.177.74,WS-SUPPORT-01,9A-15-F4-84-39-46,,0F7AE,0,MSFT 5.0,DHCP
2026-04-28T18:12:55Z,10,04/28/2026,18:12:55,Assign,10.2.172.38,LAP-DEV-05,D0-31-92-EB-26-05,,0F9EA,0,MSFT 5.0,DHCP
2026-04-28T18:15:37Z,12,04/28/2026,18:15:37,Release,172.21.166.215,WS-RECEPTION-01,27-98-CA-B1-5E-C9,,16509,0,MSFT 5.0,DHCP
2026-04-28T18:16:23Z,16,04/28/2026,18:16:23,NACK,10.244.238.179,WS-MKT-01,3E-2C-77-0E-C0-3F,,0792F,0,MSFT 5.0,DHCP
2026-04-28T18:16:45Z,10,04/28/2026,18:16:45,Assign,10.122.129.42,WS-IT-01,6E-38-DF-D9-15-17,,0D79F,0,MSFT 5.0,DHCP
2026-04-28T18:26:29Z,16,04/28/2026,18:26:29,NACK,10.157.182.233,WS-SUPPORT-01,7C-32-36-0E-4F-02,,090C4,0,MSFT 5.0,DHCP
2026-04-28T18:27:36Z,16,04/28/2026,18:27:36,NACK,10.141.3.206,LAP-SALES-03,F6-9E-3E-7A-E1-E7,,0A461,0,MSFT 5.0,DHCP
2026-04-28T18:29:33Z,10,04/28/2026,18:29:33,Assign,10.224.35.20,WS-ENG-01,35-6E-5E-E0-B4-5F,,04D3E,0,MSFT 5.0,DHCP
2026-04-28T18:34:40Z,10,04/28/2026,18:34:40,Assign,10.41.65.99,LAP-SALES-04,4B-90-0A-56-C2-0F,,072F4,0,MSFT 5.0,DHCP
2026-04-28T18:34:42Z,16,04/28/2026,18:34:42,NACK,172.25.254.210,WS-SUPPORT-01,47-9C-A2-1C-DC-B9,,093FA,0,MSFT 5.0,DHCP
2026-04-28T18:35:36Z,10,04/28/2026,18:35:36,Assign,10.110.106.17,SVR-WEB-01,AD-9A-3C-76-66-B5,,03701,0,MSFT 5.0,DHCP
2026-04-28T18:38:03Z,11,04/28/2026,18:38:03,Renew,10.5.97.83,WS-FIN-02,9A-36-B9-FE-A4-39,,0AD0A,0,MSFT 5.0,DHCP
2026-04-28T18:44:24Z,10,04/28/2026,18:44:24,Assign,10.170.105.126,WS-MKT-02,CA-1F-1F-D2-F2-EA,,0A1BC,0,MSFT 5.0,DHCP
2026-04-28T18:45:46Z,11,04/28/2026,18:45:46,Renew,10.187.176.108,WS-FINANCE-01,5D-2F-48-C2-31-60,,115CE,0,MSFT 5.0,DHCP
2026-04-28T18:47:10Z,10,04/28/2026,18:47:10,Assign,10.126.79.227,LAP-SALES-03,89-E8-65-B1-EC-0D,,03C17,0,MSFT 5.0,DHCP
2026-04-28T18:48:42Z,10,04/28/2026,18:48:42,Assign,10.220.42.116,WS-FIN-02,8E-33-E0-D8-2E-8F,,1419E,0,MSFT 5.0,DHCP
2026-04-28T18:49:29Z,16,04/28/2026,18:49:29,NACK,10.218.2.31,WS-IT-02,19-82-E3-BA-F9-BA,,08A70,0,MSFT 5.0,DHCP
2026-04-28T18:51:20Z,10,04/28/2026,18:51:20,Assign,10.5.40.221,WS-OPS-01,F0-20-37-14-C8-AA,,128D8,0,MSFT 5.0,DHCP
2026-04-28T18:53:55Z,11,04/28/2026,18:53:55,Renew,10.71.229.247,WS-ENG-01,EA-49-5E-FA-AE-BC,,0D0FC,0,MSFT 5.0,DHCP
2026-04-28T18:57:42Z,10,04/28/2026,18:57:42,Assign,172.21.136.73,SVR-WEB-01,8E-FB-1D-6D-8F-CE,,10ECC,0,MSFT 5.0,DHCP
2026-04-28T19:00:44Z,12,04/28/2026,19:00:44,Release,172.25.223.153,LAP-DEV-06,03-65-C1-7C-C6-CD,,07F6B,0,MSFT 5.0,DHCP
2026-04-28T19:03:48Z,10,04/28/2026,19:03:48,Assign,10.8.136.43,LAP-EXEC-01,E7-E7-E3-3C-20-5F,,113BE,0,MSFT 5.0,DHCP
2026-04-28T19:07:06Z,10,04/28/2026,19:07:06,Assign,10.52.197.129,LAP-SALES-03,35-6D-17-3A-E2-BF,,0CD56,0,MSFT 5.0,DHCP
2026-04-28T19:10:33Z,16,04/28/2026,19:10:33,NACK,10.80.18.6,LAP-SALES-03,E6-2C-51-17-23-75,,0A51B,0,MSFT 5.0,DHCP
2026-04-28T19:14:53Z,11,04/28/2026,19:14:53,Renew,10.77.163.73,WS-OPS-01,D9-02-30-69-7A-9D,,13985,0,MSFT 5.0,DHCP
2026-04-28T19:16:20Z,12,04/28/2026,19:16:20,Release,10.51.29.150,WS-SUPPORT-01,FB-EA-DA-F2-93-D3,,10E8A,0,MSFT 5.0,DHCP
2026-04-28T19:22:57Z,10,04/28/2026,19:22:57,Assign,172.24.254.214,WS-LEGAL-01,2E-4A-BB-15-7C-F1,,045E3,0,MSFT 5.0,DHCP
2026-04-28T19:26:24Z,10,04/28/2026,19:26:24,Assign,10.58.208.187,LAP-DEV-05,A1-65-F3-F4-A8-91,,0FDAB,0,MSFT 5.0,DHCP
2026-04-28T19:26:50Z,11,04/28/2026,19:26:50,Renew,10.20.202.27,WS-ENG-02,C5-69-5E-69-D3-FB,,10AD1,0,MSFT 5.0,DHCP
2026-04-28T19:28:11Z,12,04/28/2026,19:28:11,Release,172.31.95.235,WS-SUPPORT-01,B7-82-08-ED-38-98,,14CA4,0,MSFT 5.0,DHCP
2026-04-28T19:29:40Z,10,04/29/2026,08:15:23,Assign,10.0.20.20,SVR-LINUX-01,00-11-22-33-44-85,,26664,0,MSFT 5.0,DHCP
2026-04-28T19:33:49Z,10,04/28/2026,19:33:49,Assign,10.51.222.41,WS-ENG-02,2F-BA-4E-79-4C-73,,17D51,0,MSFT 5.0,DHCP
2026-04-28T19:34:03Z,10,04/28/2026,19:34:03,Assign,172.16.147.166,WS-OPS-01,C7-E5-37-B3-D4-2E,,0707C,0,MSFT 5.0,DHCP
2026-04-28T19:38:54Z,11,04/28/2026,19:38:54,Renew,172.29.219.184,WS-FINANCE-01,E5-26-A4-BC-BE-CB,,0D52C,0,MSFT 5.0,DHCP
2026-04-28T19:48:18Z,10,04/28/2026,19:48:18,Assign,192.168.196.114,WS-MKT-02,C4-BA-AD-12-B0-DF,,041E7,0,MSFT 5.0,DHCP
2026-04-28T19:50:49Z,12,04/28/2026,19:50:49,Release,10.111.193.164,WS-RECEPTION-01,91-F4-9C-7C-00-40,,147D7,0,MSFT 5.0,DHCP
2026-04-28T19:56:57Z,10,04/28/2026,19:56:57,Assign,172.31.41.180,WS-FIN-03,99-DF-50-66-A5-36,,061EE,0,MSFT 5.0,DHCP
2026-04-28T19:58:51Z,11,04/28/2026,19:58:51,Renew,10.87.138.223,LAP-DEV-06,9E-AF-3C-A3-5C-E3,,1129A,0,MSFT 5.0,DHCP
2026-04-28T19:59:24Z,10,04/28/2026,19:59:24,Assign,172.18.177.32,WS-HR-03,E5-DE-F6-4C-79-B6,,0DF71,0,MSFT 5.0,DHCP
2026-04-28T19:59:26Z,10,04/28/2026,19:59:26,Assign,10.90.234.91,WS-MKT-01,47-71-B3-28-91-16,,09947,0,MSFT 5.0,DHCP
2026-04-28T20:01:25Z,10,04/28/2026,20:01:25,Assign,172.31.237.131,LAP-DEV-05,A0-20-99-B9-7E-A0,,082BE,0,MSFT 5.0,DHCP
2026-04-28T20:03:46Z,11,04/28/2026,20:03:46,Renew,10.194.128.165,WS-ENG-01,EC-0A-D3-7B-D7-EC,,14E14,0,MSFT 5.0,DHCP
2026-04-28T20:05:24Z,12,04/28/2026,20:05:24,Release,10.164.175.187,WS-IT-02,C3-8C-4C-48-74-26,,0C175,0,MSFT 5.0,DHCP
2026-04-28T20:09:15Z,12,04/28/2026,20:09:15,Release,172.18.237.46,WS-LEGAL-01,46-B9-1E-61-FB-43,,11C17,0,MSFT 5.0,DHCP
2026-04-28T20:11:52Z,10,04/28/2026,20:11:52,Assign,10.93.109.175,LAP-DEV-05,D1-97-AC-C6-2E-EE,,0C932,0,MSFT 5.0,DHCP
2026-04-28T20:12:57Z,16,04/28/2026,20:12:57,NACK,10.18.42.53,WS-ENG-01,C5-DB-44-4C-1C-DA,,0938A,0,MSFT 5.0,DHCP
2026-04-28T20:13:32Z,11,04/28/2026,20:13:32,Renew,172.28.207.10,LAP-SALES-03,5D-F2-AE-8F-B0-87,,06F19,0,MSFT 5.0,DHCP
2026-04-28T20:15:32Z,12,04/28/2026,20:15:32,Release,172.31.13.194,WS-MKT-01,A3-7E-12-2C-DE-A0,,11B26,0,MSFT 5.0,DHCP
2026-04-28T20:17:10Z,16,04/28/2026,20:17:10,NACK,10.234.147.80,SVR-WEB-01,AF-66-18-B3-31-45,,083A1,0,MSFT 5.0,DHCP
2026-04-28T20:17:34Z,10,04/28/2026,20:17:34,Assign,10.224.30.116,LAP-SALES-03,2C-B1-5F-27-3C-C0,,158BB,0,MSFT 5.0,DHCP
2026-04-28T20:19:29Z,16,04/28/2026,20:19:29,NACK,10.191.228.73,WS-FIN-03,CB-87-2B-B7-EF-81,,13B77,0,MSFT 5.0,DHCP
2026-04-28T20:20:22Z,10,04/28/2026,20:20:22,Assign,10.99.42.111,WS-ENG-01,92-BA-74-AE-76-D0,,0655F,0,MSFT 5.0,DHCP
2026-04-28T20:21:44Z,10,04/28/2026,20:21:44,Assign,10.154.230.26,WS-MKT-01,C7-83-98-B1-CC-0E,,06F29,0,MSFT 5.0,DHCP
2026-04-28T20:22:24Z,10,04/28/2026,20:22:24,Assign,172.22.125.30,WS-DEV-02,D8-91-05-1A-EF-C5,,0E4EC,0,MSFT 5.0,DHCP
2026-04-28T20:25:49Z,10,04/28/2026,20:25:49,Assign,10.200.186.176,WS-OPS-01,28-00-33-F4-8C-70,,12F19,0,MSFT 5.0,DHCP
2026-04-28T20:27:13Z,11,04/28/2026,20:27:13,Renew,10.176.242.175,WS-FIN-02,0E-84-F6-1C-E0-E4,,10D72,0,MSFT 5.0,DHCP
2026-04-28T20:27:36Z,10,04/28/2026,20:27:36,Assign,10.74.180.172,WS-FINANCE-01,4F-ED-C3-BF-A5-76,,0BC1A,0,MSFT 5.0,DHCP
2026-04-28T20:28:04Z,10,04/28/2026,20:28:04,Assign,10.144.156.58,WS-DEV-02,1B-63-58-0A-3A-85,,0370A,0,MSFT 5.0,DHCP
2026-04-28T20:28:45Z,10,04/28/2026,20:28:45,Assign,10.205.154.48,WS-ENG-01,49-66-BC-DA-0D-B0,,09094,0,MSFT 5.0,DHCP
2026-04-28T20:31:37Z,16,04/28/2026,20:31:37,NACK,172.21.153.207,WS-RECEPTION-01,FB-A5-92-54-94-E1,,06102,0,MSFT 5.0,DHCP
2026-04-28T20:34:52Z,11,04/28/2026,20:34:52,Renew,172.25.80.196,LAP-SALES-04,D6-EA-4B-88-6D-F4,,0564D,0,MSFT 5.0,DHCP
2026-04-28T20:38:18Z,12,04/28/2026,20:38:18,Release,10.208.204.63,WS-FINANCE-01,2F-52-02-35-A5-80,,0BEAD,0,MSFT 5.0,DHCP
2026-04-28T20:42:13Z,10,04/28/2026,20:42:13,Assign,172.16.52.85,WS-HR-03,47-A7-1E-6D-15-19,,0F308,0,MSFT 5.0,DHCP
2026-04-28T20:42:33Z,12,04/28/2026,20:42:33,Release,172.19.254.218,LAP-SALES-03,7F-30-66-AF-10-92,,0D701,0,MSFT 5.0,DHCP
2026-04-28T20:44:30Z,16,04/28/2026,20:44:30,NACK,10.194.42.17,WS-FIN-03,32-0D-94-24-81-AE,,04EDA,0,MSFT 5.0,DHCP
2026-04-28T20:48:32Z,16,04/28/2026,20:48:32,NACK,10.211.134.200,WS-OPS-01,DE-66-B4-2B-2A-92,,02C2D,0,MSFT 5.0,DHCP
2026-04-28T20:51:19Z,10,04/28/2026,20:51:19,Assign,10.155.181.55,LAP-DEV-05,7C-20-6E-A1-BE-E1,,0500F,0,MSFT 5.0,DHCP
2026-04-28T20:53:22Z,16,04/28/2026,20:53:22,NACK,10.155.121.106,LAP-DEV-06,AD-A7-71-46-7D-4C,,10A4D,0,MSFT 5.0,DHCP
2026-04-28T20:58:03Z,11,04/28/2026,20:58:03,Renew,10.61.5.250,WS-IT-02,5D-AF-16-43-4E-DB,,0F1A2,0,MSFT 5.0,DHCP
2026-04-28T21:00:25Z,12,04/28/2026,21:00:25,Release,10.87.206.74,SVR-WEB-01,34-7F-3C-4F-4B-82,,0968A,0,MSFT 5.0,DHCP
2026-04-28T21:00:56Z,10,04/28/2026,21:00:56,Assign,10.195.160.111,LAP-DEV-06,98-90-2B-60-42-59,,0444B,0,MSFT 5.0,DHCP
2026-04-28T21:03:03Z,16,04/28/2026,21:03:03,NACK,10.129.75.91,WS-HR-03,C2-B7-4F-90-3B-B4,,15D5D,0,MSFT 5.0,DHCP
2026-04-28T21:03:08Z,10,04/28/2026,21:03:08,Assign,172.20.79.194,LAP-SALES-04,58-25-84-54-CB-9D,,13097,0,MSFT 5.0,DHCP
2026-04-28T21:12:51Z,12,04/28/2026,21:12:51,Release,10.214.133.18,WS-RECEPTION-01,EE-78-28-8A-31-1E,,12ACE,0,MSFT 5.0,DHCP
2026-04-28T21:13:53Z,16,04/28/2026,21:13:53,NACK,10.156.207.233,WS-ENG-02,32-9F-B3-5D-80-7C,,0BB0C,0,MSFT 5.0,DHCP
2026-04-28T21:15:37Z,12,04/28/2026,21:15:37,Release,10.116.205.131,SVR-WEB-01,02-29-FA-1C-69-EC,,14FC3,0,MSFT 5.0,DHCP
2026-04-28T21:16:20Z,16,04/28/2026,21:16:20,NACK,10.139.4.140,WS-FINANCE-01,AA-63-5C-3A-F3-B5,,113E7,0,MSFT 5.0,DHCP
2026-04-28T21:19:19Z,12,04/28/2026,21:19:19,Release,10.206.189.71,WS-HR-03,C3-06-FD-CE-49-64,,05CE8,0,MSFT 5.0,DHCP
2026-04-28T21:22:30Z,12,04/28/2026,21:22:30,Release,10.60.57.14,LAP-EXEC-01,4D-5F-B5-2B-97-97,,0F620,0,MSFT 5.0,DHCP
2026-04-28T21:24:36Z,12,04/28/2026,21:24:36,Release,10.44.115.217,WS-ENG-02,55-D9-E7-20-F7-78,,07F57,0,MSFT 5.0,DHCP
2026-04-28T21:32:22Z,12,04/28/2026,21:32:22,Release,10.92.249.221,WS-ENG-01,22-A7-E5-12-38-C2,,17505,0,MSFT 5.0,DHCP
2026-04-28T21:34:14Z,11,04/28/2026,21:34:14,Renew,172.23.201.104,LAP-DEV-05,A2-34-28-40-40-F1,,0C380,0,MSFT 5.0,DHCP
2026-04-28T21:35:48Z,16,04/28/2026,21:35:48,NACK,10.247.147.7,WS-IT-02,CC-46-34-B2-44-FE,,0A437,0,MSFT 5.0,DHCP
2026-04-28T21:36:27Z,10,04/28/2026,21:36:27,Assign,172.26.206.145,WS-ENG-02,AB-9E-BD-E6-32-FF,,0DF85,0,MSFT 5.0,DHCP
2026-04-28T21:51:59Z,10,04/29/2026,08:15:23,Assign,10.0.20.5,SVR-DC-01,00-11-22-33-44-76,,60DC9,0,MSFT 5.0,DHCP
2026-04-28T21:54:45Z,11,04/28/2026,21:54:45,Renew,10.139.80.248,LAP-SALES-03,5D-14-E1-58-FB-71,,03810,0,MSFT 5.0,DHCP
2026-04-28T22:03:24Z,16,04/28/2026,22:03:24,NACK,10.19.233.5,SVR-WEB-01,B6-66-81-59-02-4F,,10291,0,MSFT 5.0,DHCP
2026-04-28T22:07:57Z,11,04/28/2026,22:07:57,Renew,10.193.21.126,WS-OPS-01,0B-A8-32-98-29-55,,0538C,0,MSFT 5.0,DHCP
2026-04-28T22:09:15Z,10,04/28/2026,22:09:15,Assign,10.164.106.142,WS-MKT-01,61-38-C1-3C-B5-7B,,149EB,0,MSFT 5.0,DHCP
2026-04-28T22:15:27Z,10,04/28/2026,22:15:27,Assign,10.83.82.54,WS-ENG-01,E1-F5-D1-9C-88-67,,165E9,0,MSFT 5.0,DHCP
2026-04-28T22:16:41Z,10,04/28/2026,22:16:41,Assign,10.64.116.173,WS-IT-01,E6-39-F8-18-70-BA,,0B77E,0,MSFT 5.0,DHCP
2026-04-28T22:21:14Z,10,04/28/2026,22:21:14,Assign,10.120.62.159,WS-FIN-03,CB-83-1E-F5-C4-0E,,04D7E,0,MSFT 5.0,DHCP
2026-04-28T22:24:36Z,12,04/28/2026,22:24:36,Release,10.156.112.135,WS-SUPPORT-01,B9-5C-D6-2C-87-38,,0919E,0,MSFT 5.0,DHCP
2026-04-28T22:26:00Z,11,04/28/2026,22:26:00,Renew,10.247.12.78,WS-RECEPTION-01,7D-35-E0-60-13-60,,0697D,0,MSFT 5.0,DHCP
2026-04-28T22:26:12Z,11,04/28/2026,22:26:12,Renew,10.105.241.137,SVR-DC-01,2D-5C-B9-C7-A1-C7,,08EF0,0,MSFT 5.0,DHCP
2026-04-28T22:27:02Z,12,04/28/2026,22:27:02,Release,10.108.36.212,WS-LEGAL-01,5D-61-D8-5D-F7-AB,,10399,0,MSFT 5.0,DHCP
2026-04-28T22:31:02Z,16,04/28/2026,22:31:02,NACK,10.37.144.166,WS-OPS-01,82-E0-8F-C8-54-7F,,11185,0,MSFT 5.0,DHCP
2026-04-28T22:31:14Z,16,04/28/2026,22:31:14,NACK,10.156.124.68,WS-FINANCE-01,73-6B-FD-07-89-00,,10C16,0,MSFT 5.0,DHCP
2026-04-28T22:35:31Z,11,04/28/2026,22:35:31,Renew,172.22.55.187,LAP-DEV-05,4B-4E-C4-6C-A1-2E,,06F2F,0,MSFT 5.0,DHCP
2026-04-28T22:35:40Z,10,04/28/2026,22:35:40,Assign,10.81.189.108,LAP-DEV-06,7C-9A-9A-62-20-5E,,06459,0,MSFT 5.0,DHCP
2026-04-28T22:41:26Z,16,04/28/2026,22:41:26,NACK,10.30.236.150,WS-RECEPTION-01,64-C7-0F-CA-4E-EB,,0318E,0,MSFT 5.0,DHCP
2026-04-28T22:44:00Z,10,04/28/2026,22:44:00,Assign,10.88.170.148,WS-RECEPTION-01,D0-5B-37-8F-5C-C5,,04FE8,0,MSFT 5.0,DHCP
2026-04-28T22:45:03Z,12,04/28/2026,22:45:03,Release,10.147.210.177,WS-IT-01,FC-AD-C3-6D-CB-69,,08F05,0,MSFT 5.0,DHCP
2026-04-28T22:45:20Z,11,04/28/2026,22:45:20,Renew,10.127.103.62,WS-HR-03,59-99-C2-C5-0E-62,,11FF8,0,MSFT 5.0,DHCP
2026-04-28T22:45:29Z,11,04/28/2026,22:45:29,Renew,172.21.30.170,SVR-WEB-01,3A-A2-B3-19-DF-FF,,0DC2C,0,MSFT 5.0,DHCP
2026-04-28T22:46:08Z,11,04/28/2026,22:46:08,Renew,172.29.19.62,WS-FINANCE-01,49-3A-9C-9D-CD-A3,,0AA5B,0,MSFT 5.0,DHCP
2026-04-28T22:46:11Z,12,04/28/2026,22:46:11,Release,10.201.17.177,LAP-DEV-05,C8-AE-55-55-F2-52,,0443A,0,MSFT 5.0,DHCP
2026-04-28T22:49:11Z,12,04/28/2026,22:49:11,Release,192.168.39.246,WS-MKT-01,95-2D-4D-21-8E-BA,,0D227,0,MSFT 5.0,DHCP
2026-04-28T22:50:38Z,16,04/28/2026,22:50:38,NACK,10.185.243.172,LAP-SALES-04,EA-4C-18-01-0B-BF,,0302D,0,MSFT 5.0,DHCP
2026-04-28T22:55:25Z,10,04/28/2026,22:55:25,Assign,10.183.141.40,WS-MKT-02,AB-5D-6D-2F-A6-63,,17FE5,0,MSFT 5.0,DHCP
2026-04-28T23:00:48Z,11,04/28/2026,23:00:48,Renew,10.83.132.152,SVR-WEB-01,E1-6B-C7-D6-CB-20,,0FB6C,0,MSFT 5.0,DHCP
2026-04-28T23:05:59Z,10,04/28/2026,23:05:59,Assign,172.30.159.174,WS-HR-03,B0-04-B4-84-2D-B8,,1188E,0,MSFT 5.0,DHCP
2026-04-28T23:06:11Z,12,04/28/2026,23:06:11,Release,172.18.165.228,LAP-SALES-03,F0-5E-36-F6-88-02,,076C6,0,MSFT 5.0,DHCP
2026-04-28T23:11:44Z,16,04/28/2026,23:11:44,NACK,10.250.207.81,WS-RECEPTION-01,8E-73-A7-61-13-A5,,08DF0,0,MSFT 5.0,DHCP
2026-04-28T23:24:50Z,11,04/28/2026,23:24:50,Renew,10.192.172.166,WS-MKT-02,5F-F2-D1-3F-B3-06,,16AFF,0,MSFT 5.0,DHCP
2026-04-28T23:28:12Z,12,04/28/2026,23:28:12,Release,172.21.27.228,WS-DEV-02,F8-E4-D5-B5-47-1A,,16F12,0,MSFT 5.0,DHCP
2026-04-28T23:35:42Z,16,04/28/2026,23:35:42,NACK,10.190.220.114,SVR-WEB-01,98-48-12-AD-DE-36,,0D137,0,MSFT 5.0,DHCP
2026-04-28T23:36:09Z,10,04/28/2026,23:36:09,Assign,10.44.120.121,WS-IT-02,2A-55-7A-FC-13-16,,0314C,0,MSFT 5.0,DHCP
2026-04-28T23:42:07Z,11,04/28/2026,23:42:07,Renew,192.168.219.213,WS-FIN-03,72-EB-71-AF-91-80,,182B4,0,MSFT 5.0,DHCP
2026-04-28T23:43:49Z,10,04/28/2026,23:43:49,Assign,10.78.172.153,WS-MKT-02,80-8D-37-47-44-48,,13E64,0,MSFT 5.0,DHCP
2026-04-28T23:45:59Z,12,04/28/2026,23:45:59,Release,172.21.245.237,WS-DEV-02,8C-86-1A-D3-10-C8,,10CBB,0,MSFT 5.0,DHCP
2026-04-28T23:48:46Z,11,04/28/2026,23:48:46,Renew,172.17.116.159,WS-FIN-02,65-C5-FC-D4-EA-32,,08055,0,MSFT 5.0,DHCP
2026-04-28T23:52:17Z,11,04/28/2026,23:52:17,Renew,10.71.80.10,WS-IT-02,6B-1C-EE-BE-0B-B9,,11AFB,0,MSFT 5.0,DHCP
2026-04-28T23:56:25Z,10,04/28/2026,23:56:25,Assign,172.29.20.121,SVR-WEB-01,12-58-14-EB-2B-52,,17C30,0,MSFT 5.0,DHCP
2026-04-28T23:56:35Z,10,04/28/2026,23:56:35,Assign,10.157.19.32,LAP-SALES-03,53-D6-AC-1A-12-75,,166E5,0,MSFT 5.0,DHCP
2026-04-28T23:58:04Z,10,04/28/2026,23:58:04,Assign,10.101.158.53,LAP-EXEC-01,8E-E6-33-3C-6A-A1,,17560,0,MSFT 5.0,DHCP
2026-04-29T00:02:10Z,10,04/29/2026,00:02:10,Assign,10.75.252.192,WS-IT-02,85-C4-31-D8-4D-02,,0764F,0,MSFT 5.0,DHCP
2026-04-29T00:05:03Z,16,04/29/2026,00:05:03,NACK,10.110.227.216,WS-ENG-01,2F-B3-F6-2F-89-0A,,0F62D,0,MSFT 5.0,DHCP
2026-04-29T00:08:21Z,11,04/29/2026,00:08:21,Renew,172.19.56.37,WS-OPS-01,7E-AD-31-ED-75-AD,,14CAD,0,MSFT 5.0,DHCP
2026-04-29T00:10:52Z,12,04/29/2026,00:10:52,Release,172.25.147.194,WS-FIN-03,62-E9-C6-61-22-67,,04F05,0,MSFT 5.0,DHCP
2026-04-29T00:13:33Z,10,04/29/2026,00:13:33,Assign,10.179.220.12,WS-ENG-02,9F-2B-FC-CA-B1-97,,17913,0,MSFT 5.0,DHCP
2026-04-29T00:16:12Z,12,04/29/2026,00:16:12,Release,10.225.189.138,WS-HR-03,47-76-33-DA-AA-D6,,0B12C,0,MSFT 5.0,DHCP
2026-04-29T00:20:30Z,16,04/29/2026,00:20:30,NACK,172.29.14.22,WS-DEV-02,DC-16-80-F3-88-65,,0F9A2,0,MSFT 5.0,DHCP
2026-04-29T00:22:41Z,12,04/29/2026,00:22:41,Release,10.30.185.74,WS-RECEPTION-01,CC-75-AC-8C-2B-A6,,0A46F,0,MSFT 5.0,DHCP
2026-04-29T00:23:35Z,10,04/29/2026,00:23:35,Assign,10.220.123.245,WS-OPS-02,F5-ED-54-BF-6F-52,,14830,0,MSFT 5.0,DHCP
2026-04-29T00:25:22Z,10,04/29/2026,00:25:22,Assign,10.217.177.20,WS-SUPPORT-01,48-CE-F8-73-08-DC,,1546D,0,MSFT 5.0,DHCP
2026-04-29T00:28:11Z,12,04/29/2026,00:28:11,Release,10.98.249.65,WS-SUPPORT-01,15-50-BA-A7-58-8A,,0374D,0,MSFT 5.0,DHCP
2026-04-29T00:29:23Z,10,04/29/2026,00:29:23,Assign,192.168.184.56,WS-MKT-01,48-88-91-A3-E0-D1,,12767,0,MSFT 5.0,DHCP
2026-04-29T00:32:57Z,11,04/29/2026,00:32:57,Renew,10.200.203.10,WS-IT-02,FF-F5-60-DB-C9-E8,,08914,0,MSFT 5.0,DHCP
2026-04-29T00:37:57Z,16,04/29/2026,00:37:57,NACK,10.209.197.116,WS-ENG-01,36-E9-35-62-5E-06,,15DC8,0,MSFT 5.0,DHCP
2026-04-29T00:41:33Z,11,04/29/2026,00:41:33,Renew,172.21.210.126,WS-MKT-01,F2-58-52-F5-CD-FE,,072FF,0,MSFT 5.0,DHCP
2026-04-29T00:43:04Z,11,04/29/2026,00:43:04,Renew,10.85.3.119,WS-IT-01,AC-DD-3B-24-B5-A5,,11869,0,MSFT 5.0,DHCP
2026-04-29T00:55:29Z,16,04/29/2026,00:55:29,NACK,172.30.197.179,WS-OPS-01,D3-33-13-34-D5-59,,04E0D,0,MSFT 5.0,DHCP
2026-04-29T00:58:25Z,10,04/29/2026,00:58:25,Assign,10.123.30.153,LAP-DEV-05,49-94-B6-17-02-9D,,165A2,0,MSFT 5.0,DHCP
2026-04-29T01:01:17Z,16,04/29/2026,01:01:17,NACK,10.26.117.112,WS-ENG-02,32-C9-40-53-54-E5,,16E98,0,MSFT 5.0,DHCP
2026-04-29T01:02:18Z,10,04/29/2026,01:02:18,Assign,172.28.47.111,WS-DEV-02,DF-B3-6D-98-71-5C,,165AC,0,MSFT 5.0,DHCP
2026-04-29T01:02:57Z,12,04/29/2026,01:02:57,Release,172.24.200.7,WS-DEV-02,0E-2E-BD-B5-3C-CB,,10643,0,MSFT 5.0,DHCP
2026-04-29T01:04:00Z,10,04/29/2026,01:04:00,Assign,10.198.166.132,WS-FIN-03,74-18-72-DF-D7-9B,,056A6,0,MSFT 5.0,DHCP
2026-04-29T01:04:31Z,16,04/29/2026,01:04:31,NACK,10.242.199.94,LAP-EXEC-01,C8-F6-7A-B3-EA-BC,,04878,0,MSFT 5.0,DHCP
2026-04-29T01:14:56Z,16,04/29/2026,01:14:56,NACK,192.168.183.44,WS-HR-03,55-9E-23-89-3B-1C,,14B55,0,MSFT 5.0,DHCP
2026-04-29T01:19:16Z,10,04/29/2026,01:19:16,Assign,10.108.11.73,LAP-DEV-06,15-1C-89-94-85-35,,142DC,0,MSFT 5.0,DHCP
2026-04-29T01:25:57Z,10,04/29/2026,01:25:57,Assign,10.117.175.15,WS-FIN-02,6F-F0-10-18-C8-A0,,12D9A,0,MSFT 5.0,DHCP
2026-04-29T01:26:04Z,16,04/29/2026,01:26:04,NACK,10.92.107.227,WS-RECEPTION-01,73-F8-48-08-CF-66,,13A70,0,MSFT 5.0,DHCP
2026-04-29T01:27:29Z,10,04/29/2026,01:27:29,Assign,172.29.254.40,WS-FIN-03,10-1D-C0-8A-7A-9F,,0767F,0,MSFT 5.0,DHCP
2026-04-29T01:32:48Z,11,04/29/2026,01:32:48,Renew,10.218.118.151,WS-MKT-01,3F-CE-79-E2-09-A3,,06AD7,0,MSFT 5.0,DHCP
2026-04-29T01:33:37Z,16,04/29/2026,01:33:37,NACK,10.231.125.228,LAP-SALES-03,A9-87-C7-CE-30-91,,06B4D,0,MSFT 5.0,DHCP
2026-04-29T01:36:05Z,12,04/29/2026,01:36:05,Release,10.166.164.89,WS-OPS-02,4E-AF-79-66-FE-CD,,0CC3E,0,MSFT 5.0,DHCP
2026-04-29T01:39:44Z,16,04/29/2026,01:39:44,NACK,10.131.14.142,LAP-EXEC-01,74-87-31-B5-AF-6B,,152D3,0,MSFT 5.0,DHCP
2026-04-29T01:39:52Z,11,04/29/2026,01:39:52,Renew,10.169.188.170,LAP-SALES-03,62-E1-51-34-A7-B6,,02F82,0,MSFT 5.0,DHCP
2026-04-29T01:42:59Z,16,04/29/2026,01:42:59,NACK,10.233.190.75,SVR-DC-01,F9-8A-4B-15-BE-F4,,133A9,0,MSFT 5.0,DHCP
2026-04-29T01:44:19Z,12,04/29/2026,01:44:19,Release,10.135.78.247,LAP-DEV-06,A8-5B-91-D3-EA-52,,0E785,0,MSFT 5.0,DHCP
2026-04-29T01:47:39Z,16,04/29/2026,01:47:39,NACK,10.51.90.50,WS-HR-03,06-AA-17-7F-72-A0,,02FC0,0,MSFT 5.0,DHCP
2026-04-29T01:47:41Z,12,04/29/2026,01:47:41,Release,10.182.106.162,WS-IT-01,CA-62-AE-3E-22-1D,,08F1B,0,MSFT 5.0,DHCP
2026-04-29T01:49:20Z,12,04/29/2026,01:49:20,Release,10.185.205.61,WS-LEGAL-01,B1-C7-B3-7B-2C-79,,0D8BA,0,MSFT 5.0,DHCP
2026-04-29T01:50:38Z,12,04/29/2026,01:50:38,Release,10.154.86.159,LAP-DEV-06,44-F2-E8-5B-65-CD,,1430C,0,MSFT 5.0,DHCP
2026-04-29T01:50:58Z,10,04/29/2026,01:50:58,Assign,172.24.124.80,WS-MKT-01,43-01-80-57-9F-73,,15E69,0,MSFT 5.0,DHCP
2026-04-29T01:53:13Z,16,04/29/2026,01:53:13,NACK,10.128.13.11,LAP-SALES-04,07-C0-15-63-4B-5E,,15F18,0,MSFT 5.0,DHCP
2026-04-29T01:58:10Z,16,04/29/2026,01:58:10,NACK,10.107.58.178,WS-LEGAL-01,9D-A5-C2-DB-4F-A4,,085A1,0,MSFT 5.0,DHCP
2026-04-29T01:59:01Z,11,04/29/2026,01:59:01,Renew,172.27.52.162,LAP-DEV-06,C3-9A-C3-A9-72-00,,05324,0,MSFT 5.0,DHCP
2026-04-29T01:59:05Z,11,04/29/2026,01:59:05,Renew,192.168.131.7,WS-ENG-02,9C-E4-E7-B6-2D-B8,,07DA6,0,MSFT 5.0,DHCP
2026-04-29T02:00:04Z,12,04/29/2026,02:00:04,Release,10.161.78.92,LAP-SALES-04,70-17-5A-2D-D0-F6,,08AC4,0,MSFT 5.0,DHCP
2026-04-29T02:01:11Z,10,04/29/2026,02:01:11,Assign,172.29.231.216,WS-OPS-01,F2-7D-1C-2B-6A-90,,0B67F,0,MSFT 5.0,DHCP
2026-04-29T02:01:33Z,10,04/29/2026,02:01:33,Assign,10.28.49.14,WS-MKT-01,66-97-1A-5F-5B-A8,,0D1EE,0,MSFT 5.0,DHCP
2026-04-29T02:01:55Z,10,04/29/2026,02:01:55,Assign,10.242.71.33,LAP-SALES-03,6D-B5-77-18-72-71,,0F971,0,MSFT 5.0,DHCP
2026-04-29T02:09:38Z,16,04/29/2026,02:09:38,NACK,10.87.50.100,WS-LEGAL-01,D5-29-42-C4-37-38,,16815,0,MSFT 5.0,DHCP
2026-04-29T02:09:39Z,11,04/29/2026,02:09:39,Renew,10.98.77.141,LAP-DEV-06,6C-51-A8-A4-E9-95,,0BDCB,0,MSFT 5.0,DHCP
2026-04-29T02:10:03Z,12,04/29/2026,02:10:03,Release,10.121.189.138,WS-OPS-02,73-BF-80-27-1E-65,,07BD2,0,MSFT 5.0,DHCP
2026-04-29T02:17:24Z,16,04/29/2026,02:17:24,NACK,10.232.216.219,WS-FIN-02,D7-3C-3F-79-01-32,,0A7F1,0,MSFT 5.0,DHCP
2026-04-29T02:17:44Z,12,04/29/2026,02:17:44,Release,10.24.157.240,WS-OPS-01,D5-0A-DA-71-EA-CB,,0F1A2,0,MSFT 5.0,DHCP
2026-04-29T02:20:13Z,10,04/29/2026,02:20:13,Assign,10.27.199.81,WS-MKT-02,75-E8-73-00-20-6C,,18549,0,MSFT 5.0,DHCP
2026-04-29T02:21:09Z,10,04/29/2026,02:21:09,Assign,10.235.55.111,WS-DEV-02,9B-73-2C-A7-C7-DE,,11904,0,MSFT 5.0,DHCP
2026-04-29T02:22:56Z,12,04/29/2026,02:22:56,Release,10.144.229.249,LAP-DEV-06,A9-C8-4A-2F-FB-A9,,0B81C,0,MSFT 5.0,DHCP
2026-04-29T02:23:32Z,10,04/29/2026,02:23:32,Assign,10.162.248.2,LAP-DEV-06,4D-4E-96-AB-B0-4E,,11024,0,MSFT 5.0,DHCP
2026-04-29T02:28:22Z,16,04/29/2026,02:28:22,NACK,172.16.179.236,SVR-DC-01,F0-DA-37-13-3A-BB,,17AE7,0,MSFT 5.0,DHCP
2026-04-29T02:30:04Z,12,04/29/2026,02:30:04,Release,172.22.150.232,SVR-DC-01,32-56-64-20-B7-19,,18166,0,MSFT 5.0,DHCP
2026-04-29T02:31:28Z,11,04/29/2026,02:31:28,Renew,10.248.247.171,WS-MKT-01,82-F0-98-DE-F2-79,,13065,0,MSFT 5.0,DHCP
2026-04-29T02:36:35Z,16,04/29/2026,02:36:35,NACK,10.99.64.9,WS-FINANCE-01,C0-CA-75-26-F3-EE,,0611C,0,MSFT 5.0,DHCP
2026-04-29T02:46:19Z,11,04/29/2026,02:46:19,Renew,192.168.25.77,SVR-WEB-01,91-40-8F-3C-C3-D7,,03D60,0,MSFT 5.0,DHCP
2026-04-29T02:47:25Z,16,04/29/2026,02:47:25,NACK,10.180.173.50,WS-IT-01,92-A8-FA-B1-CB-73,,0BE79,0,MSFT 5.0,DHCP
2026-04-29T02:50:58Z,11,04/29/2026,02:50:58,Renew,10.244.102.67,LAP-DEV-06,80-75-66-6F-63-CE,,0717F,0,MSFT 5.0,DHCP
2026-04-29T02:51:51Z,12,04/29/2026,02:51:51,Release,192.168.26.204,WS-ENG-01,02-0A-32-0E-69-F2,,173BB,0,MSFT 5.0,DHCP
2026-04-29T02:56:48Z,16,04/29/2026,02:56:48,NACK,10.42.158.119,WS-SUPPORT-01,61-6A-5D-40-1F-CC,,17E6E,0,MSFT 5.0,DHCP
2026-04-29T02:56:56Z,11,04/29/2026,02:56:56,Renew,10.191.115.72,LAP-DEV-06,35-03-78-84-B6-B2,,0D7CB,0,MSFT 5.0,DHCP
2026-04-29T02:58:32Z,10,04/29/2026,02:58:32,Assign,10.172.104.15,SVR-DC-01,F8-6F-1A-0F-59-44,,1562C,0,MSFT 5.0,DHCP
2026-04-29T03:01:02Z,10,04/29/2026,03:01:02,Assign,10.225.124.123,WS-DEV-02,DD-A7-BF-BC-12-93,,0C3B4,0,MSFT 5.0,DHCP
2026-04-29T03:02:31Z,16,04/29/2026,03:02:31,NACK,10.6.98.103,WS-IT-01,AB-F2-B1-7D-16-5B,,15E8A,0,MSFT 5.0,DHCP
2026-04-29T03:10:56Z,10,04/29/2026,03:10:56,Assign,10.11.66.134,WS-RECEPTION-01,1A-52-24-75-58-CE,,0B36F,0,MSFT 5.0,DHCP
2026-04-29T03:11:45Z,10,04/29/2026,03:11:45,Assign,172.28.213.36,WS-HR-03,4D-E2-7B-1F-2F-B7,,0CEF1,0,MSFT 5.0,DHCP
2026-04-29T03:18:46Z,12,04/29/2026,03:18:46,Release,10.217.49.202,WS-DEV-02,7F-18-A7-B8-0A-1B,,0621B,0,MSFT 5.0,DHCP
2026-04-29T03:20:23Z,16,04/29/2026,03:20:23,NACK,172.21.16.178,LAP-SALES-04,16-ED-50-EB-00-06,,17147,0,MSFT 5.0,DHCP
2026-04-29T03:22:06Z,12,04/29/2026,03:22:06,Release,10.147.210.51,SVR-WEB-01,12-DB-9C-DF-C1-5E,,0BAFC,0,MSFT 5.0,DHCP
2026-04-29T03:23:55Z,11,04/29/2026,03:23:55,Renew,10.135.74.244,WS-MKT-02,AB-B7-95-B5-BD-5A,,146CB,0,MSFT 5.0,DHCP
2026-04-29T03:26:40Z,11,04/29/2026,03:26:40,Renew,10.250.69.34,WS-HR-03,7D-9B-0F-5B-EA-B8,,111AB,0,MSFT 5.0,DHCP
2026-04-29T03:28:27Z,11,04/29/2026,03:28:27,Renew,172.30.160.155,LAP-SALES-04,A6-70-44-8A-C3-C4,,14172,0,MSFT 5.0,DHCP
2026-04-29T03:38:25Z,16,04/29/2026,03:38:25,NACK,10.37.110.105,WS-FIN-03,2A-EA-74-D0-D1-AC,,0A994,0,MSFT 5.0,DHCP
2026-04-29T03:40:04Z,10,04/29/2026,03:40:04,Assign,172.26.220.196,LAP-DEV-06,EA-99-44-27-47-66,,02FC5,0,MSFT 5.0,DHCP
2026-04-29T03:43:44Z,12,04/29/2026,03:43:44,Release,10.118.16.225,WS-IT-02,2F-4A-24-B6-BA-16,,03931,0,MSFT 5.0,DHCP
2026-04-29T03:45:30Z,10,04/29/2026,03:45:30,Assign,10.83.70.84,WS-FIN-03,DB-D3-8A-27-F4-87,,074E3,0,MSFT 5.0,DHCP
2026-04-29T03:50:32Z,12,04/29/2026,03:50:32,Release,172.17.194.72,WS-RECEPTION-01,17-C9-A7-04-C4-88,,0A016,0,MSFT 5.0,DHCP
2026-04-29T03:57:32Z,12,04/29/2026,03:57:32,Release,10.185.247.153,LAP-DEV-06,B5-55-7B-4C-98-F0,,04A54,0,MSFT 5.0,DHCP
2026-04-29T04:05:36Z,10,04/29/2026,04:05:36,Assign,10.228.242.37,WS-MKT-02,00-19-EA-98-64-A3,,0E43F,0,MSFT 5.0,DHCP
2026-04-29T04:08:43Z,11,04/29/2026,04:08:43,Renew,10.202.220.231,WS-ENG-02,CA-2C-5A-35-C2-8D,,065A8,0,MSFT 5.0,DHCP
2026-04-29T04:11:18Z,11,04/29/2026,04:11:18,Renew,172.16.203.53,WS-IT-01,A3-E9-4E-25-49-A8,,161BB,0,MSFT 5.0,DHCP
2026-04-29T04:13:42Z,10,04/29/2026,04:13:42,Assign,10.119.13.93,LAP-SALES-04,54-33-AD-44-BE-F3,,0BEDE,0,MSFT 5.0,DHCP
2026-04-29T04:19:29Z,10,04/29/2026,04:19:29,Assign,10.41.160.51,LAP-DEV-05,88-DE-2B-2C-E5-EA,,0CF8C,0,MSFT 5.0,DHCP
2026-04-29T04:22:30Z,11,04/29/2026,04:22:30,Renew,10.210.91.53,WS-FIN-02,58-C6-39-10-05-5D,,11715,0,MSFT 5.0,DHCP
2026-04-29T04:24:38Z,10,04/29/2026,04:24:38,Assign,10.156.153.192,WS-IT-02,50-B0-38-1D-38-2C,,03DC3,0,MSFT 5.0,DHCP
2026-04-29T04:24:57Z,10,04/29/2026,04:24:57,Assign,172.22.225.13,WS-FINANCE-01,C3-3D-F5-41-5B-6D,,06DAB,0,MSFT 5.0,DHCP
2026-04-29T04:26:43Z,11,04/29/2026,04:26:43,Renew,10.127.250.76,LAP-DEV-06,D7-27-58-56-0C-EC,,0426A,0,MSFT 5.0,DHCP
2026-04-29T04:28:44Z,16,04/29/2026,04:28:44,NACK,10.250.33.123,WS-IT-02,A5-EE-CB-5D-6E-E0,,15C58,0,MSFT 5.0,DHCP
2026-04-29T04:30:49Z,16,04/29/2026,04:30:49,NACK,10.195.204.57,WS-FIN-03,E8-CA-78-E6-66-63,,0D24E,0,MSFT 5.0,DHCP
2026-04-29T04:33:38Z,12,04/29/2026,04:33:38,Release,10.142.15.17,WS-FIN-02,22-B8-32-04-AC-D4,,16C5D,0,MSFT 5.0,DHCP
2026-04-29T04:36:52Z,16,04/29/2026,04:36:52,NACK,10.189.189.204,SVR-DC-01,62-A1-26-79-A5-53,,04590,0,MSFT 5.0,DHCP
2026-04-29T04:37:14Z,16,04/29/2026,04:37:14,NACK,10.208.131.35,LAP-SALES-03,FD-A8-95-C6-C9-41,,08BFC,0,MSFT 5.0,DHCP
2026-04-29T04:37:33Z,12,04/29/2026,04:37:33,Release,10.93.68.118,WS-MKT-02,F1-C6-2A-F6-03-B3,,11B5D,0,MSFT 5.0,DHCP
2026-04-29T04:49:33Z,10,04/29/2026,04:49:33,Assign,172.17.38.54,WS-ENG-01,9B-65-9B-49-D6-D6,,0C58A,0,MSFT 5.0,DHCP
2026-04-29T04:53:15Z,11,04/29/2026,04:53:15,Renew,10.165.57.135,SVR-DC-01,4D-2C-CE-87-4B-18,,02CD7,0,MSFT 5.0,DHCP
2026-04-29T04:58:30Z,10,04/29/2026,04:58:30,Assign,192.168.228.173,LAP-DEV-05,C2-E1-51-02-BC-E7,,13570,0,MSFT 5.0,DHCP
2026-04-29T05:07:19Z,10,04/29/2026,05:07:19,Assign,10.0.121.253,WS-FINANCE-01,BD-7F-1F-86-84-F5,,0F8C9,0,MSFT 5.0,DHCP
2026-04-29T05:08:33Z,16,04/29/2026,05:08:33,NACK,10.246.63.219,WS-RECEPTION-01,CF-95-F8-04-FC-91,,06FB7,0,MSFT 5.0,DHCP
2026-04-29T05:17:03Z,11,04/29/2026,05:17:03,Renew,172.17.84.146,WS-MKT-01,3D-63-73-1F-5F-6F,,14F50,0,MSFT 5.0,DHCP
2026-04-29T05:19:03Z,11,04/29/2026,05:19:03,Renew,172.18.152.146,WS-RECEPTION-01,DB-ED-78-6D-2C-15,,0F537,0,MSFT 5.0,DHCP
2026-04-29T05:19:41Z,10,04/29/2026,05:19:41,Assign,172.28.79.23,WS-FINANCE-01,B9-8A-11-A4-DE-36,,17544,0,MSFT 5.0,DHCP
2026-04-29T05:23:15Z,12,04/29/2026,05:23:15,Release,10.102.210.88,LAP-SALES-03,36-C8-11-83-CE-3A,,079AE,0,MSFT 5.0,DHCP
2026-04-29T05:25:30Z,10,04/29/2026,05:25:30,Assign,10.91.92.29,LAP-SALES-04,32-71-B4-3E-CB-35,,08A4A,0,MSFT 5.0,DHCP
2026-04-29T05:27:36Z,16,04/29/2026,05:27:36,NACK,10.165.148.179,LAP-EXEC-01,57-55-83-E8-63-AF,,02BCD,0,MSFT 5.0,DHCP
2026-04-29T05:28:08Z,10,04/29/2026,05:28:08,Assign,172.23.123.52,LAP-SALES-04,DC-33-A4-17-EB-5C,,106F4,0,MSFT 5.0,DHCP
2026-04-29T05:33:33Z,16,04/29/2026,05:33:33,NACK,10.245.35.106,LAP-DEV-06,45-A1-C5-4E-C1-DD,,0DD83,0,MSFT 5.0,DHCP
2026-04-29T05:36:07Z,10,04/29/2026,08:15:23,Assign,10.0.10.12,WS-HR-03,00-11-22-33-44-18,,23E0D,0,MSFT 5.0,DHCP
2026-04-29T05:43:02Z,16,04/29/2026,05:43:02,NACK,172.28.188.118,WS-ENG-02,90-BF-0B-4A-42-8D,,03EAE,0,MSFT 5.0,DHCP
2026-04-29T05:44:49Z,11,04/29/2026,05:44:49,Renew,172.17.42.234,WS-SUPPORT-01,59-61-EE-18-4D-D7,,0EF61,0,MSFT 5.0,DHCP
2026-04-29T05:47:17Z,10,04/29/2026,05:47:17,Assign,192.168.59.94,LAP-DEV-05,F9-56-C7-AE-51-31,,0913C,0,MSFT 5.0,DHCP
2026-04-29T05:49:30Z,16,04/29/2026,05:49:30,NACK,10.81.134.54,LAP-EXEC-01,98-68-AA-DA-81-0A,,03ABB,0,MSFT 5.0,DHCP
2026-04-29T05:52:13Z,16,04/29/2026,05:52:13,NACK,172.27.194.20,WS-RECEPTION-01,AC-80-75-AE-3C-9D,,163C0,0,MSFT 5.0,DHCP
2026-04-29T05:52:27Z,10,04/29/2026,05:52:27,Assign,10.73.150.53,WS-SUPPORT-01,DF-F8-B5-11-16-C7,,0FA29,0,MSFT 5.0,DHCP
2026-04-29T05:56:44Z,11,04/29/2026,05:56:44,Renew,10.43.79.28,WS-IT-01,05-54-18-FA-9B-7D,,067D6,0,MSFT 5.0,DHCP
2026-04-29T05:57:49Z,10,04/29/2026,05:57:49,Assign,10.16.60.200,WS-DEV-02,E2-35-CC-88-BD-8B,,0BBD1,0,MSFT 5.0,DHCP
2026-04-29T05:59:28Z,10,04/29/2026,05:59:28,Assign,172.26.36.115,SVR-DC-01,6D-8E-2B-FB-BF-0F,,177E8,0,MSFT 5.0,DHCP
2026-04-29T05:59:32Z,11,04/29/2026,05:59:32,Renew,10.114.53.32,SVR-WEB-01,C7-AE-4A-7F-BA-63,,14778,0,MSFT 5.0,DHCP
2026-04-29T06:03:42Z,11,04/29/2026,06:03:42,Renew,10.28.115.42,LAP-DEV-06,8D-1F-0E-E7-54-37,,06B12,0,MSFT 5.0,DHCP
2026-04-29T06:07:08Z,10,04/29/2026,06:07:08,Assign,172.26.149.166,WS-ENG-01,59-F4-00-59-0B-99,,0CD4C,0,MSFT 5.0,DHCP
2026-04-29T06:15:18Z,12,04/29/2026,06:15:18,Release,10.217.100.225,WS-FIN-02,0A-95-7B-73-39-D9,,1443D,0,MSFT 5.0,DHCP
2026-04-29T06:18:01Z,11,04/29/2026,06:18:01,Renew,10.188.84.205,WS-FINANCE-01,E6-AA-7F-44-13-C8,,17003,0,MSFT 5.0,DHCP
2026-04-29T06:20:09Z,10,04/29/2026,06:20:09,Assign,10.61.84.181,WS-IT-02,EA-37-61-70-E8-84,,0D485,0,MSFT 5.0,DHCP
2026-04-29T06:20:38Z,10,04/29/2026,06:20:38,Assign,10.148.184.61,WS-IT-01,36-2E-BC-F2-98-F1,,1438E,0,MSFT 5.0,DHCP
2026-04-29T06:26:50Z,16,04/29/2026,06:26:50,NACK,10.144.101.157,WS-RECEPTION-01,35-6D-5E-CD-24-93,,0E2A3,0,MSFT 5.0,DHCP
2026-04-29T06:28:53Z,12,04/29/2026,06:28:53,Release,10.160.141.229,WS-DEV-02,01-76-9A-B2-26-4B,,14743,0,MSFT 5.0,DHCP
2026-04-29T06:30:44Z,10,04/29/2026,06:30:44,Assign,10.164.241.12,LAP-DEV-06,AE-58-DC-6B-C1-5E,,109D5,0,MSFT 5.0,DHCP
2026-04-29T06:35:20Z,12,04/29/2026,06:35:20,Release,10.161.110.148,WS-IT-01,D5-7B-AE-0D-4F-6E,,18390,0,MSFT 5.0,DHCP
2026-04-29T06:36:04Z,12,04/29/2026,06:36:04,Release,10.1.228.234,WS-OPS-02,86-E7-D2-A7-46-CC,,14315,0,MSFT 5.0,DHCP
2026-04-29T06:36:57Z,11,04/29/2026,06:36:57,Renew,10.132.103.41,WS-SUPPORT-01,8C-F5-D8-2E-22-9F,,09B04,0,MSFT 5.0,DHCP
2026-04-29T06:38:53Z,12,04/29/2026,06:38:53,Release,10.121.190.7,WS-MKT-01,D0-F5-8F-97-81-D9,,145D7,0,MSFT 5.0,DHCP
2026-04-29T06:41:45Z,16,04/29/2026,06:41:45,NACK,10.3.166.220,SVR-DC-01,A1-51-03-E6-2E-FA,,164CC,0,MSFT 5.0,DHCP
2026-04-29T06:44:01Z,16,04/29/2026,06:44:01,NACK,10.92.32.113,WS-RECEPTION-01,01-3A-37-FC-F2-D0,,17E74,0,MSFT 5.0,DHCP
2026-04-29T06:47:07Z,12,04/29/2026,06:47:07,Release,172.28.158.188,LAP-DEV-05,C2-A6-9A-48-26-9F,,1246F,0,MSFT 5.0,DHCP
2026-04-29T06:48:30Z,12,04/29/2026,06:48:30,Release,10.30.128.8,WS-ENG-02,51-CA-8D-6B-CB-12,,068F7,0,MSFT 5.0,DHCP
2026-04-29T06:54:09Z,12,04/29/2026,06:54:09,Release,10.168.92.90,WS-ENG-01,20-D2-3C-49-A4-90,,03571,0,MSFT 5.0,DHCP
2026-04-29T06:56:30Z,10,04/29/2026,06:56:30,Assign,10.189.185.236,WS-FIN-02,7A-82-62-F5-16-57,,0BA14,0,MSFT 5.0,DHCP
2026-04-29T06:58:14Z,10,04/29/2026,06:58:14,Assign,10.121.186.157,WS-DEV-02,D3-7C-67-1E-18-75,,108CE,0,MSFT 5.0,DHCP
2026-04-29T06:59:06Z,12,04/29/2026,06:59:06,Release,10.245.39.65,SVR-DC-01,F6-EB-0E-C8-06-5F,,04066,0,MSFT 5.0,DHCP
2026-04-29T07:06:22Z,10,04/29/2026,07:06:22,Assign,10.95.241.14,LAP-EXEC-01,96-E4-61-41-0A-08,,06A61,0,MSFT 5.0,DHCP
2026-04-29T07:08:44Z,12,04/29/2026,07:08:44,Release,10.105.202.63,SVR-WEB-01,5C-CB-24-8E-EB-DF,,02C6E,0,MSFT 5.0,DHCP
2026-04-29T07:09:48Z,16,04/29/2026,07:09:48,NACK,172.23.254.27,LAP-DEV-05,56-34-70-A2-68-8E,,06190,0,MSFT 5.0,DHCP
2026-04-29T07:11:12Z,11,04/29/2026,07:11:12,Renew,10.13.212.191,WS-FIN-02,63-30-A9-3F-03-8E,,15472,0,MSFT 5.0,DHCP
2026-04-29T07:16:46Z,16,04/29/2026,07:16:46,NACK,10.21.86.128,WS-IT-02,18-0E-59-3C-02-0E,,1793F,0,MSFT 5.0,DHCP
2026-04-29T07:20:16Z,12,04/29/2026,07:20:16,Release,10.87.199.191,WS-ENG-02,53-DB-D0-A0-D4-12,,0B8D5,0,MSFT 5.0,DHCP
2026-04-29T07:21:12Z,11,04/29/2026,07:21:12,Renew,10.103.188.222,WS-ENG-02,73-DE-F1-24-E9-C7,,0CA1A,0,MSFT 5.0,DHCP
2026-04-29T07:21:14Z,11,04/29/2026,07:21:14,Renew,10.124.186.46,WS-MKT-02,36-97-22-10-84-EC,,05D8D,0,MSFT 5.0,DHCP
2026-04-29T07:21:57Z,11,04/29/2026,07:21:57,Renew,192.168.119.182,WS-FINANCE-01,34-11-36-28-55-ED,,0AC91,0,MSFT 5.0,DHCP
2026-04-29T07:30:34Z,16,04/29/2026,07:30:34,NACK,10.148.29.172,WS-DEV-02,A7-C9-EA-14-C2-5F,,05236,0,MSFT 5.0,DHCP
2026-04-29T07:32:12Z,12,04/29/2026,07:32:12,Release,10.150.244.156,WS-MKT-02,EE-CC-36-A2-F5-95,,0A2E6,0,MSFT 5.0,DHCP
2026-04-29T07:34:47Z,16,04/29/2026,07:34:47,NACK,172.27.25.44,LAP-SALES-04,8F-A5-2C-2A-AE-7A,,12E81,0,MSFT 5.0,DHCP
2026-04-29T07:34:50Z,10,04/29/2026,07:34:50,Assign,10.125.102.23,LAP-DEV-06,35-8A-36-01-15-B0,,11572,0,MSFT 5.0,DHCP
2026-04-29T07:37:30Z,11,04/29/2026,07:37:30,Renew,172.18.240.104,WS-LEGAL-01,A2-78-1A-85-53-E8,,06D28,0,MSFT 5.0,DHCP
2026-04-29T07:40:54Z,10,04/29/2026,07:40:54,Assign,10.97.221.180,WS-OPS-02,0D-3F-23-D1-4B-26,,13BC6,0,MSFT 5.0,DHCP
2026-04-29T07:44:15Z,16,04/29/2026,07:44:15,NACK,10.199.131.146,WS-MKT-02,4F-56-14-E7-7F-BF,,1782D,0,MSFT 5.0,DHCP
2026-04-29T07:45:42Z,12,04/29/2026,07:45:42,Release,192.168.19.34,LAP-SALES-03,40-80-90-BD-31-63,,16AC9,0,MSFT 5.0,DHCP
2026-04-29T07:48:16Z,10,04/29/2026,07:48:16,Assign,172.24.158.194,LAP-DEV-05,F6-15-F0-21-FD-7B,,03060,0,MSFT 5.0,DHCP
2026-04-29T07:48:38Z,11,04/29/2026,07:48:38,Renew,10.15.53.53,WS-HR-03,82-F1-CF-AD-8E-B3,,11302,0,MSFT 5.0,DHCP
2026-04-29T07:49:20Z,16,04/29/2026,07:49:20,NACK,10.22.161.41,WS-IT-01,0F-DD-3D-06-D6-D7,,05C09,0,MSFT 5.0,DHCP
2026-04-29T07:51:18Z,11,04/29/2026,07:51:18,Renew,172.23.146.58,WS-ENG-02,A5-F5-27-2F-0A-40,,09C1B,0,MSFT 5.0,DHCP
2026-04-29T07:52:07Z,12,04/29/2026,07:52:07,Release,10.25.143.121,WS-FIN-02,45-19-53-62-31-6E,,14926,0,MSFT 5.0,DHCP
2026-04-29T08:03:15Z,11,04/29/2026,08:03:15,Renew,10.59.251.101,WS-FIN-02,7F-55-4C-33-19-2C,,0B5BF,0,MSFT 5.0,DHCP
2026-04-29T08:08:07Z,12,04/29/2026,08:08:07,Release,172.22.11.106,WS-DEV-02,8B-58-F7-42-29-82,,12A85,0,MSFT 5.0,DHCP
2026-04-29T08:08:42Z,12,04/29/2026,08:08:42,Release,10.203.89.116,LAP-SALES-03,F3-2E-82-50-B3-9A,,0ECEF,0,MSFT 5.0,DHCP
2026-04-29T08:12:53Z,11,04/29/2026,08:12:53,Renew,10.64.241.168,WS-MKT-01,6C-21-44-AF-DD-C7,,0EC59,0,MSFT 5.0,DHCP
2026-04-29T08:14:34Z,10,04/29/2026,08:14:34,Assign,10.200.182.101,WS-RECEPTION-01,38-83-54-C8-D4-1F,,0C7FA,0,MSFT 5.0,DHCP
2026-04-29T08:14:57Z,11,04/29/2026,08:14:57,Renew,172.21.4.54,WS-IT-02,70-02-08-69-CF-3A,,0D084,0,MSFT 5.0,DHCP
2026-04-29T08:16:43Z,16,04/29/2026,08:16:43,NACK,10.134.64.142,WS-OPS-01,30-3F-9D-CC-5C-59,,02E49,0,MSFT 5.0,DHCP
2026-04-29T08:21:46Z,10,04/29/2026,08:21:46,Assign,172.20.91.169,WS-DEV-02,EE-3B-28-D3-92-F9,,14088,0,MSFT 5.0,DHCP
2026-04-29T08:29:04Z,11,04/29/2026,08:29:04,Renew,10.116.93.8,WS-MKT-01,5C-B7-6B-A9-76-D4,,0C8A6,0,MSFT 5.0,DHCP
2026-04-29T08:29:33Z,12,04/29/2026,08:29:33,Release,10.239.210.211,WS-FINANCE-01,A8-D5-15-FC-8D-25,,0FD23,0,MSFT 5.0,DHCP
2026-04-29T08:36:01Z,10,04/29/2026,08:36:01,Assign,10.146.209.145,LAP-DEV-06,8C-2D-AC-BC-64-75,,05983,0,MSFT 5.0,DHCP
2026-04-29T08:36:22Z,16,04/29/2026,08:36:22,NACK,172.17.6.217,WS-OPS-02,AB-D1-28-84-0B-26,,1545C,0,MSFT 5.0,DHCP
2026-04-29T08:47:44Z,11,04/29/2026,08:47:44,Renew,10.148.122.136,LAP-DEV-05,F4-28-77-81-99-7B,,1483B,0,MSFT 5.0,DHCP
2026-04-29T08:52:40Z,10,04/29/2026,08:52:40,Assign,10.108.209.128,WS-OPS-02,B4-77-B5-86-DF-9C,,0CA31,0,MSFT 5.0,DHCP
2026-04-29T08:53:16Z,16,04/29/2026,08:53:16,NACK,10.219.81.228,LAP-EXEC-01,3D-63-6C-F6-CE-03,,070A6,0,MSFT 5.0,DHCP
2026-04-29T08:58:39Z,10,04/29/2026,08:58:39,Assign,10.172.127.194,WS-OPS-01,1A-39-31-D3-97-DF,,09A3F,0,MSFT 5.0,DHCP
2026-04-29T08:59:11Z,10,04/29/2026,08:15:23,Assign,10.0.10.11,WS-DEV-02,00-11-22-33-44-F6,,57233,0,MSFT 5.0,DHCP
2026-04-29T09:02:12Z,10,04/29/2026,09:02:12,Assign,10.76.127.168,WS-IT-01,72-29-00-19-CA-4B,,1534A,0,MSFT 5.0,DHCP
2026-04-29T09:06:36Z,12,04/29/2026,09:06:36,Release,10.138.6.152,SVR-DC-01,5B-22-15-1F-0E-22,,0A47C,0,MSFT 5.0,DHCP
2026-04-29T09:08:09Z,11,04/29/2026,09:08:09,Renew,192.168.37.206,LAP-EXEC-01,34-4C-19-82-ED-56,,114F6,0,MSFT 5.0,DHCP
2026-04-29T09:10:08Z,10,04/29/2026,09:10:08,Assign,10.52.183.19,WS-FINANCE-01,62-57-BA-0D-B9-7B,,036F8,0,MSFT 5.0,DHCP
2026-04-29T09:13:32Z,11,04/29/2026,09:13:32,Renew,10.164.186.93,WS-MKT-02,0C-5B-90-77-DE-11,,0C4B2,0,MSFT 5.0,DHCP
2026-04-29T09:15:59Z,10,04/29/2026,09:15:59,Assign,172.23.226.211,SVR-DC-01,81-15-DB-19-18-97,,16C9A,0,MSFT 5.0,DHCP
2026-04-29T09:16:10Z,12,04/29/2026,09:16:10,Release,10.198.216.69,SVR-DC-01,F5-8B-9B-71-F7-C4,,06287,0,MSFT 5.0,DHCP
2026-04-29T09:16:47Z,10,04/29/2026,09:16:47,Assign,172.27.142.74,WS-LEGAL-01,BE-50-E2-37-89-25,,179D2,0,MSFT 5.0,DHCP
2026-04-29T09:17:26Z,11,04/29/2026,09:17:26,Renew,172.19.191.125,WS-OPS-01,33-47-29-59-D8-89,,121CE,0,MSFT 5.0,DHCP
2026-04-29T09:18:32Z,10,04/29/2026,09:18:32,Assign,10.53.37.10,LAP-SALES-03,14-E7-B5-27-5B-35,,13A21,0,MSFT 5.0,DHCP
2026-04-29T09:22:08Z,10,04/29/2026,09:22:08,Assign,172.29.80.162,WS-MKT-02,FA-3C-E4-DF-64-83,,09634,0,MSFT 5.0,DHCP
2026-04-29T09:23:08Z,10,04/29/2026,09:23:08,Assign,10.115.16.52,WS-FIN-03,BD-4E-D5-04-5F-8C,,128ED,0,MSFT 5.0,DHCP
2026-04-29T09:32:07Z,16,04/29/2026,09:32:07,NACK,10.122.177.232,LAP-DEV-05,FE-64-9F-D6-49-77,,08520,0,MSFT 5.0,DHCP
2026-04-29T09:34:15Z,10,04/29/2026,09:34:15,Assign,10.86.147.236,LAP-SALES-03,32-E1-A8-7F-6C-46,,144C1,0,MSFT 5.0,DHCP
2026-04-29T09:35:42Z,12,04/29/2026,09:35:42,Release,10.113.131.37,WS-DEV-02,7C-BA-0F-6B-75-60,,0FF2F,0,MSFT 5.0,DHCP
2026-04-29T09:36:28Z,12,04/29/2026,09:36:28,Release,10.63.196.248,LAP-SALES-04,4E-6A-02-54-E7-14,,1261B,0,MSFT 5.0,DHCP
2026-04-29T09:36:41Z,16,04/29/2026,09:36:41,NACK,10.22.5.144,WS-ENG-02,ED-51-5C-83-44-18,,0E94A,0,MSFT 5.0,DHCP
2026-04-29T09:42:04Z,11,04/29/2026,09:42:04,Renew,172.31.231.58,WS-LEGAL-01,5A-72-5D-AB-3C-3F,,07CD2,0,MSFT 5.0,DHCP
2026-04-29T09:43:02Z,16,04/29/2026,09:43:02,NACK,10.123.47.224,WS-ENG-01,E3-90-75-16-2C-F9,,04C62,0,MSFT 5.0,DHCP
2026-04-29T09:49:39Z,10,04/29/2026,09:49:39,Assign,10.32.240.187,WS-DEV-02,9A-AE-14-F0-99-2B,,0FFD7,0,MSFT 5.0,DHCP
2026-04-29T09:52:02Z,12,04/29/2026,09:52:02,Release,10.116.12.88,LAP-DEV-05,B0-6B-3A-92-40-D2,,043E9,0,MSFT 5.0,DHCP
2026-04-29T09:52:24Z,11,04/29/2026,09:52:24,Renew,10.91.186.168,SVR-DC-01,EE-B5-02-12-26-D7,,10ECB,0,MSFT 5.0,DHCP
2026-04-29T09:53:30Z,10,04/29/2026,09:53:30,Assign,10.173.205.163,WS-FIN-02,4A-72-31-55-F0-FD,,13CAE,0,MSFT 5.0,DHCP
2026-04-29T09:53:57Z,12,04/29/2026,09:53:57,Release,10.203.247.230,WS-DEV-02,49-E4-9E-B6-C2-29,,09803,0,MSFT 5.0,DHCP
2026-04-29T10:01:52Z,16,04/29/2026,10:01:52,NACK,10.90.226.49,LAP-SALES-03,97-90-EE-C8-43-2C,,14879,0,MSFT 5.0,DHCP
2026-04-29T10:05:08Z,11,04/29/2026,10:05:08,Renew,10.77.51.127,WS-HR-03,AC-05-32-44-CF-05,,0724B,0,MSFT 5.0,DHCP
2026-04-29T10:06:51Z,12,04/29/2026,10:06:51,Release,10.137.148.5,WS-IT-02,B3-3D-82-FF-0E-4C,,0F281,0,MSFT 5.0,DHCP
2026-04-29T10:10:05Z,12,04/29/2026,10:10:05,Release,10.76.102.173,WS-DEV-02,FC-C0-30-71-BE-FB,,12FD0,0,MSFT 5.0,DHCP
2026-04-29T10:14:19Z,11,04/29/2026,10:14:19,Renew,172.18.99.42,LAP-SALES-04,92-29-26-2E-D2-D8,,0EB22,0,MSFT 5.0,DHCP
2026-04-29T10:15:16Z,10,04/29/2026,10:15:16,Assign,10.178.39.111,WS-LEGAL-01,1A-99-0B-B0-14-55,,078F5,0,MSFT 5.0,DHCP
2026-04-29T10:16:46Z,16,04/29/2026,10:16:46,NACK,10.200.223.64,WS-FIN-02,92-B4-75-10-04-8C,,1237D,0,MSFT 5.0,DHCP
2026-04-29T10:17:13Z,10,04/29/2026,10:17:13,Assign,172.25.54.98,WS-MKT-01,9A-8B-85-63-74-A7,,1405B,0,MSFT 5.0,DHCP
2026-04-29T10:27:33Z,12,04/29/2026,10:27:33,Release,10.225.29.205,WS-IT-01,8C-A0-06-8C-79-F9,,08C68,0,MSFT 5.0,DHCP
2026-04-29T10:28:29Z,16,04/29/2026,10:28:29,NACK,10.167.203.220,WS-HR-03,2B-32-05-80-F0-94,,13AA5,0,MSFT 5.0,DHCP
2026-04-29T10:28:44Z,12,04/29/2026,10:28:44,Release,172.20.154.179,WS-MKT-01,D4-F1-1E-34-EA-32,,09D91,0,MSFT 5.0,DHCP
2026-04-29T10:29:06Z,12,04/29/2026,10:29:06,Release,10.69.40.137,LAP-DEV-06,25-43-D7-94-39-B1,,03D2F,0,MSFT 5.0,DHCP
2026-04-29T10:31:43Z,16,04/29/2026,10:31:43,NACK,10.250.184.163,LAP-DEV-05,ED-DA-23-5B-17-35,,09A32,0,MSFT 5.0,DHCP
2026-04-29T10:35:04Z,12,04/29/2026,10:35:04,Release,10.82.73.252,WS-ENG-01,49-C3-D1-31-A4-57,,0D147,0,MSFT 5.0,DHCP
2026-04-29T10:37:11Z,12,04/29/2026,10:37:11,Release,172.30.71.130,LAP-EXEC-01,33-62-DC-41-4B-E1,,10023,0,MSFT 5.0,DHCP
2026-04-29T10:46:42Z,16,04/29/2026,10:46:42,NACK,10.23.172.241,WS-LEGAL-01,83-25-6C-60-3B-E0,,1535A,0,MSFT 5.0,DHCP
2026-04-29T10:52:05Z,12,04/29/2026,10:52:05,Release,10.123.208.162,LAP-SALES-04,68-D1-01-AF-00-F8,,09760,0,MSFT 5.0,DHCP
2026-04-29T10:53:49Z,10,04/29/2026,10:53:49,Assign,10.48.72.7,WS-OPS-01,95-E0-98-CE-7F-A8,,083A6,0,MSFT 5.0,DHCP
2026-04-29T10:57:17Z,12,04/29/2026,10:57:17,Release,172.28.97.186,LAP-SALES-03,49-2B-C7-0A-6A-01,,1301D,0,MSFT 5.0,DHCP
2026-04-29T10:59:34Z,10,04/29/2026,10:59:34,Assign,10.201.164.26,WS-FIN-02,2B-6B-64-51-EB-88,,0AEA2,0,MSFT 5.0,DHCP
2026-04-29T11:01:46Z,16,04/29/2026,11:01:46,NACK,10.61.156.245,LAP-DEV-06,5F-2E-14-E1-11-22,,0B134,0,MSFT 5.0,DHCP
2026-04-29T11:01:57Z,11,04/29/2026,11:01:57,Renew,10.185.231.69,WS-FIN-03,06-05-33-44-4F-DB,,09ABB,0,MSFT 5.0,DHCP
2026-04-29T11:02:54Z,11,04/29/2026,11:02:54,Renew,172.16.39.155,WS-SUPPORT-01,54-15-49-42-12-14,,0DE55,0,MSFT 5.0,DHCP
2026-04-29T11:03:32Z,12,04/29/2026,11:03:32,Release,10.202.46.129,WS-FINANCE-01,E0-BC-87-C1-5F-D5,,04C23,0,MSFT 5.0,DHCP
2026-04-29T11:03:57Z,11,04/29/2026,11:03:57,Renew,10.222.92.137,WS-IT-01,07-29-C2-5B-30-F1,,0A204,0,MSFT 5.0,DHCP
2026-04-29T11:04:08Z,10,04/29/2026,11:04:08,Assign,10.35.120.74,WS-FINANCE-01,DF-41-AB-7D-8D-93,,097D3,0,MSFT 5.0,DHCP
2026-04-29T11:04:39Z,16,04/29/2026,11:04:39,NACK,10.75.29.66,LAP-SALES-04,36-02-5A-CD-09-72,,0A608,0,MSFT 5.0,DHCP
2026-04-29T11:08:52Z,10,04/29/2026,11:08:52,Assign,192.168.233.194,LAP-DEV-06,C3-B5-16-09-EE-57,,0A19D,0,MSFT 5.0,DHCP
2026-04-29T11:16:21Z,11,04/29/2026,11:16:21,Renew,10.190.53.122,WS-RECEPTION-01,09-21-85-68-27-59,,0747C,0,MSFT 5.0,DHCP
2026-04-29T11:17:26Z,11,04/29/2026,11:17:26,Renew,192.168.56.155,WS-ENG-02,42-CB-91-40-B3-4C,,102EB,0,MSFT 5.0,DHCP
2026-04-29T11:20:37Z,11,04/29/2026,11:20:37,Renew,10.200.97.154,WS-MKT-02,E0-F0-31-A1-C0-A8,,06648,0,MSFT 5.0,DHCP
2026-04-29T11:25:00Z,10,04/29/2026,11:25:00,Assign,172.19.1.197,WS-DEV-02,76-A0-DB-F0-4C-2C,,0D0A0,0,MSFT 5.0,DHCP
2026-04-29T11:27:05Z,11,04/29/2026,11:27:05,Renew,10.115.120.218,WS-MKT-02,B6-44-FE-A2-CF-29,,10E01,0,MSFT 5.0,DHCP
2026-04-29T11:29:28Z,10,04/29/2026,11:29:28,Assign,10.235.193.126,WS-SUPPORT-01,43-ED-E4-07-89-28,,084C3,0,MSFT 5.0,DHCP
2026-04-29T11:31:52Z,12,04/29/2026,11:31:52,Release,10.135.230.201,LAP-SALES-03,24-67-B6-F2-54-B5,,0FA4B,0,MSFT 5.0,DHCP
2026-04-29T11:33:21Z,11,04/29/2026,11:33:21,Renew,172.17.77.82,WS-FIN-03,3C-51-63-20-C8-5F,,100FD,0,MSFT 5.0,DHCP
2026-04-29T11:33:21Z,11,04/29/2026,11:33:21,Renew,10.179.108.174,LAP-DEV-06,8D-F8-EC-E4-78-7B,,17675,0,MSFT 5.0,DHCP
2026-04-29T11:35:06Z,16,04/29/2026,11:35:06,NACK,192.168.145.46,WS-IT-01,B3-4C-DB-D9-00-CE,,0AB38,0,MSFT 5.0,DHCP
2026-04-29T11:37:11Z,16,04/29/2026,11:37:11,NACK,172.20.177.175,WS-OPS-02,B6-EB-68-43-93-0A,,10DD7,0,MSFT 5.0,DHCP
2026-04-29T11:39:44Z,11,04/29/2026,11:39:44,Renew,10.185.167.11,LAP-SALES-03,B8-52-15-CA-68-7E,,12070,0,MSFT 5.0,DHCP
2026-04-29T11:44:48Z,10,04/29/2026,11:44:48,Assign,10.233.59.8,LAP-SALES-03,8C-45-A6-A1-F8-F5,,08DCF,0,MSFT 5.0,DHCP
2026-04-29T11:50:15Z,11,04/29/2026,11:50:15,Renew,172.28.76.196,SVR-DC-01,5B-6C-0F-11-76-BB,,0E3AE,0,MSFT 5.0,DHCP
2026-04-29T11:52:40Z,16,04/29/2026,11:52:40,NACK,10.87.63.158,WS-HR-03,56-77-DA-85-C6-CB,,0F347,0,MSFT 5.0,DHCP
2026-04-29T11:53:25Z,10,04/29/2026,11:53:25,Assign,10.128.171.64,WS-OPS-01,4D-89-73-BB-E4-86,,10FB2,0,MSFT 5.0,DHCP
2026-04-29T11:53:28Z,10,04/29/2026,11:53:28,Assign,10.142.57.93,LAP-EXEC-01,FE-00-B4-82-2B-70,,0C357,0,MSFT 5.0,DHCP
2026-04-29T11:54:50Z,12,04/29/2026,11:54:50,Release,10.182.116.62,WS-MKT-01,A1-DF-D7-BC-E9-4B,,1011A,0,MSFT 5.0,DHCP
2026-04-29T11:57:45Z,11,04/29/2026,11:57:45,Renew,172.21.203.202,LAP-EXEC-01,B7-AA-C6-4B-A8-C9,,1787C,0,MSFT 5.0,DHCP
2026-04-29T11:59:05Z,10,04/29/2026,11:59:05,Assign,10.164.226.210,WS-ENG-01,19-04-9C-B4-65-8C,,0501E,0,MSFT 5.0,DHCP
2026-04-29T12:00:12Z,16,04/29/2026,12:00:12,NACK,10.210.147.236,WS-HR-03,88-79-42-02-F0-D0,,0CCBA,0,MSFT 5.0,DHCP
2026-04-29T12:05:11Z,11,04/29/2026,12:05:11,Renew,172.25.248.231,WS-MKT-02,EF-89-AE-83-B4-1D,,0F323,0,MSFT 5.0,DHCP
2026-04-29T12:05:23Z,16,04/29/2026,12:05:23,NACK,10.34.131.76,WS-SUPPORT-01,DE-88-96-B4-4D-86,,13F5A,0,MSFT 5.0,DHCP
2026-04-29T12:16:07Z,12,04/29/2026,12:16:07,Release,172.19.21.112,LAP-DEV-05,2A-B0-74-8F-70-76,,0F5A3,0,MSFT 5.0,DHCP
2026-04-29T12:16:29Z,16,04/29/2026,12:16:29,NACK,172.21.40.249,WS-FIN-03,18-E0-25-09-81-45,,0C1DA,0,MSFT 5.0,DHCP
2026-04-29T12:19:27Z,10,04/29/2026,12:19:27,Assign,10.192.191.48,WS-FIN-03,5C-B3-C4-CB-54-BA,,07F6D,0,MSFT 5.0,DHCP
2026-04-29T12:20:32Z,11,04/29/2026,12:20:32,Renew,10.112.3.89,WS-FINANCE-01,2B-77-5A-FD-05-FA,,08548,0,MSFT 5.0,DHCP
2026-04-29T12:24:41Z,12,04/29/2026,12:24:41,Release,10.205.203.40,WS-SUPPORT-01,54-77-14-C6-3B-AB,,1303A,0,MSFT 5.0,DHCP
2026-04-29T12:26:01Z,11,04/29/2026,12:26:01,Renew,10.46.96.49,WS-OPS-02,66-AD-EC-A2-41-6E,,0E006,0,MSFT 5.0,DHCP
2026-04-29T12:30:38Z,16,04/29/2026,12:30:38,NACK,10.106.41.79,WS-LEGAL-01,2C-EB-1B-EC-F2-B7,,172CA,0,MSFT 5.0,DHCP
2026-04-29T12:32:40Z,16,04/29/2026,12:32:40,NACK,10.112.198.226,WS-MKT-02,01-5C-9B-48-10-26,,053AB,0,MSFT 5.0,DHCP
2026-04-29T12:34:49Z,16,04/29/2026,12:34:49,NACK,10.163.199.37,WS-SUPPORT-01,6F-C2-9C-17-D1-69,,12DF3,0,MSFT 5.0,DHCP
2026-04-29T12:38:13Z,16,04/29/2026,12:38:13,NACK,10.190.247.77,WS-IT-02,F2-14-E1-D3-F2-19,,0A5F0,0,MSFT 5.0,DHCP
2026-04-29T12:46:40Z,10,04/29/2026,12:46:40,Assign,10.168.61.29,WS-DEV-02,2A-57-FA-E9-DE-36,,08F08,0,MSFT 5.0,DHCP
2026-04-29T12:51:21Z,16,04/29/2026,12:51:21,NACK,10.114.102.175,WS-FIN-02,B7-DC-AF-B8-21-42,,12B02,0,MSFT 5.0,DHCP
2026-04-29T12:52:32Z,12,04/29/2026,12:52:32,Release,172.26.171.9,WS-ENG-02,A6-DD-7F-BE-73-02,,0F9DD,0,MSFT 5.0,DHCP
2026-04-29T12:58:38Z,16,04/29/2026,12:58:38,NACK,10.150.37.20,WS-ENG-01,0C-E0-66-9C-4B-8C,,0E8CC,0,MSFT 5.0,DHCP
2026-04-29T13:00:15Z,12,04/29/2026,13:00:15,Release,172.31.58.217,WS-HR-03,76-61-C8-6E-1C-B9,,128AB,0,MSFT 5.0,DHCP
2026-04-29T13:03:13Z,11,04/29/2026,13:03:13,Renew,10.72.60.42,LAP-EXEC-01,48-21-DB-3B-54-6C,,09040,0,MSFT 5.0,DHCP
2026-04-29T13:05:19Z,11,04/29/2026,13:05:19,Renew,10.58.142.250,WS-LEGAL-01,C5-01-02-F4-A9-37,,13305,0,MSFT 5.0,DHCP
2026-04-29T13:06:44Z,10,04/29/2026,13:06:44,Assign,172.31.184.9,WS-OPS-02,8A-2C-37-07-A7-03,,125B1,0,MSFT 5.0,DHCP
2026-04-29T13:06:46Z,11,04/29/2026,13:06:46,Renew,10.86.70.186,SVR-DC-01,65-D9-D1-F6-42-6B,,0F8D1,0,MSFT 5.0,DHCP
2026-04-29T13:07:20Z,11,04/29/2026,13:07:20,Renew,172.31.223.242,SVR-DC-01,1D-41-6D-1C-18-B5,,071B2,0,MSFT 5.0,DHCP
2026-04-29T13:13:13Z,11,04/29/2026,13:13:13,Renew,10.81.150.19,WS-MKT-01,52-BE-D6-63-EB-81,,11E65,0,MSFT 5.0,DHCP
2026-04-29T13:13:34Z,16,04/29/2026,13:13:34,NACK,10.34.153.186,SVR-WEB-01,16-FF-18-FC-63-EB,,049A5,0,MSFT 5.0,DHCP
2026-04-29T13:25:44Z,10,04/29/2026,13:25:44,Assign,10.131.60.63,LAP-SALES-03,BA-4F-E5-02-09-F3,,12B77,0,MSFT 5.0,DHCP
2026-04-29T13:27:33Z,10,04/29/2026,13:27:33,Assign,10.3.247.232,WS-IT-02,37-D6-5F-7A-8C-FD,,0D447,0,MSFT 5.0,DHCP
2026-04-29T13:29:15Z,12,04/29/2026,13:29:15,Release,10.75.47.70,WS-ENG-02,DD-FE-54-D0-07-D7,,0438B,0,MSFT 5.0,DHCP
2026-04-29T13:40:07Z,10,04/29/2026,13:40:07,Assign,10.68.92.54,LAP-SALES-03,E4-12-AD-49-14-36,,06214,0,MSFT 5.0,DHCP
2026-04-29T13:40:59Z,12,04/29/2026,13:40:59,Release,192.168.23.234,LAP-DEV-05,2F-E5-2D-1E-3A-5D,,16B19,0,MSFT 5.0,DHCP
2026-04-29T13:41:15Z,16,04/29/2026,13:41:15,NACK,10.37.59.143,LAP-DEV-06,54-61-2C-07-69-32,,14C8C,0,MSFT 5.0,DHCP
2026-04-29T13:42:57Z,11,04/29/2026,13:42:57,Renew,172.18.7.220,LAP-DEV-05,7B-A4-F6-9F-3A-5D,,094BC,0,MSFT 5.0,DHCP
2026-04-29T13:43:22Z,10,04/29/2026,13:43:22,Assign,192.168.254.115,WS-OPS-02,00-F9-73-77-01-26,,16B45,0,MSFT 5.0,DHCP
2026-04-29T13:48:59Z,11,04/29/2026,13:48:59,Renew,172.20.36.64,WS-ENG-02,38-14-70-2F-C4-63,,0331E,0,MSFT 5.0,DHCP
2026-04-29T13:49:00Z,12,04/29/2026,13:49:00,Release,10.105.20.189,WS-DEV-02,7D-CD-90-A1-AE-DB,,155D4,0,MSFT 5.0,DHCP
2026-04-29T13:50:09Z,11,04/29/2026,13:50:09,Renew,10.19.224.129,WS-MKT-02,A6-D6-37-7F-3D-4F,,15299,0,MSFT 5.0,DHCP
